CÓDIGO_ALUNO,CLASS,ACTIVITIES,BADGES,IN CLASS,POINTS,SPEAKING TASKS,SPEAKING SKILL,SPEAKING TOTAL,QUIZZES,QUIZZES SKILL,RATINGS,FEEDBACKS,LEVEL,GRADE
aluno1,6ve7m,567,40,0,100997,348,0,01:09:32,216,0.8,72,219,A1,9º ano
aluno2,6ve7m,579,43,0,93219,348,0,00:58:27,228,0.97,105,180,A1,9º ano
aluno3,6ve7m,210,19,0,51029,112,0,00:23:33,95,0.26,323,67,A1,9º ano
aluno4,dg23e,542,54,0,46255,329,0,00:39:39,210,0.37,66,199,A1,7º ano
aluno5,2ziol,497,42,0,41092,301,0,00:36:59,193,0.65,66,91,A2,8º ano
aluno6,87ccs,353,26,0,36936,239,0,00:17:22,111,0.63,15,231,A2,6º ano
aluno7,ouhzt,372,26,0,31057,214,0,00:20:33,155,0.87,45,72,A1,6º ano
aluno8,ygz43,288,0,0,30670,186,0,00:20:37,102,0.25,24,108,B1,7º ano
aluno9,ouhzt,376,26,0,30142,220,0,00:15:08,153,0.7,51,58,A1,6º ano
aluno10,6ve7m,220,24,0,28822,146,0,00:14:16,73,0.69,24,64,A1,9º ano
aluno11,87ccs,141,2,0,24231,99,0,00:17:39,41,0.64,24,7,A2,6º ano
aluno12,eyk3i,295,41,0,24173,171,0,00:13:40,121,0.59,29,65,A2,8º ano
aluno13,87ccs,285,24,0,23282,157,0,00:20:19,128,0.59,38,39,A1,6º ano
aluno14,fof6t,16,2,3,22271,0,0,00:00:00,16,0.37,3,0,A1,6º ano
aluno15,zocoy,266,24,0,22213,168,0,00:24:26,95,0.84,23,113,A2,9º ano
aluno16,olympicstest1,261,14,1,20645,137,0,00:14:44,121,0.93,30,67,A2,6º ano
aluno17,loprm,242,22,0,20640,130,0,00:13:37,109,0.88,22,93,A1,9º ano
aluno18,1ecn2,34,2,0,20411,24,0,00:05:33,10,0.4,0,9,A1,8º ano
aluno19,eyk3i,237,30,0,20313,132,0,00:46:24,102,0.81,25,55,A2,8º ano
aluno20,fsqaw,148,13,3,20310,65,0,00:11:21,80,0.79,17,19,A0,8º ano
aluno21,dg23e,260,30,0,19283,140,0,00:07:40,117,0.43,29,103,A1,7º ano
aluno22,eyk3i,240,24,0,18643,137,0,00:22:54,100,0.6,23,40,A2,8º ano
aluno23,87ccs,252,0,0,17886,169,0,00:20:01,82,0.3,30,67,A1,6º ano
aluno24,oiqy9,204,26,0,17790,115,0,00:10:06,86,0.84,23,55,A1,9º ano
aluno25,fsqaw,240,16,0,16772,124,0,00:08:54,113,0.58,13,106,B1,8º ano
aluno26,zocoy,208,7,0,16056,112,0,00:14:18,93,0.79,26,85,A2,9º ano
aluno27,fof6t,65,0,5,15814,30,0,00:04:46,35,0.55,99,20,A1,6º ano
aluno28,icmob,229,12,0,15745,121,0,00:14:59,105,0.64,24,54,A1,8º ano
aluno29,2ziol,207,0,0,14627,123,0,00:10:56,81,0.62,30,65,A1,8º ano
aluno30,icmob,177,22,0,14453,91,0,00:09:36,83,0.73,23,47,A1,8º ano
aluno31,9qp7p,103,19,3,14232,59,0,00:08:14,44,0.5,13,44,A0,6º ano
aluno32,l8dt4,186,8,0,14172,103,0,00:06:35,83,0.73,21,41,A1,7º ano
aluno33,oany5,139,2,0,11254,87,0,00:11:16,52,0.86,20,18,A2,9º ano
aluno34,ouhzt,107,34,0,10329,46,0,00:02:42,58,0.75,9,6,A0,6º ano
aluno35,9qp7p,24,4,3,10228,6,0,00:04:28,17,0.71,51,4,A0,6º ano
aluno36,oany5,145,4,0,10164,79,0,00:07:57,63,0.71,15,29,A2,9º ano
aluno37,2ziol,145,17,0,10105,61,0,00:04:57,81,0.58,12,35,A0,8º ano
aluno38,eyk3i,129,4,0,9977,81,0,00:09:27,45,0.79,20,47,B1,8º ano
aluno39,eyk3i,146,0,0,9596,73,0,00:06:32,70,0.69,19,37,A2,8º ano
aluno40,6ve7m,131,11,0,9482,60,0,00:03:28,68,0.66,17,6,A0,9º ano
aluno41,dzgln,116,22,0,8974,50,0,00:03:38,63,0.57,15,23,A0,7º ano
aluno42,fof6t,41,10,4,8655,21,0,00:04:22,20,0.63,19,32,A1,6º ano
aluno43,eyk3i,106,0,0,8187,65,0,00:12:28,41,0.93,10,33,B1,8º ano
aluno44,eyk3i,104,10,0,7828,55,0,00:02:10,46,0.68,11,21,A1,8º ano
aluno45,fof6t,104,5,5,7612,57,0,00:07:10,44,0.43,15,22,A1,6º ano
aluno46,tj173,98,18,0,7523,52,0,00:08:15,43,0.36,2,34,A1,7º ano
aluno47,dg23e,100,0,0,7430,65,0,00:10:05,35,0.59,12,37,A1,7º ano
aluno48,eyk3i,104,1,0,7377,67,0,00:03:19,34,0.39,17,50,A2,8º ano
aluno49,eyk3i,89,12,0,7367,56,0,00:12:14,30,0.77,8,42,A2,8º ano
aluno50,eyk3i,97,6,0,7268,64,0,00:04:45,33,0.62,14,34,A2,8º ano
aluno51,6ve7m,105,1,0,7238,59,0,00:03:54,43,0.56,18,27,A1,9º ano
aluno52,5u3zk,102,1,0,7230,64,0,00:05:15,37,0.5,17,28,A1,7º ano
aluno53,eyk3i,90,10,0,6810,48,0,00:05:49,39,0.56,7,39,A2,8º ano
aluno54,5aybh,50,2,0,6217,29,0,00:02:54,18,0.76,6,16,A1,7º ano
aluno55,kk7y6,82,2,1,6105,45,0,00:03:44,34,0.95,9,21,A0,6º ano
aluno56,ygz43,76,0,0,6092,58,0,00:06:27,18,0.34,11,29,A1,7º ano
aluno57,oiqy9,72,9,0,5850,38,0,00:04:12,34,0.71,4,31,A1,9º ano
aluno58,9qp7p,91,1,4,5770,48,0,00:04:00,43,0.35,12,38,A1,6º ano
aluno59,si8jo,64,9,0,5620,37,0,00:09:47,27,0.78,6,0,A1,6º ano
aluno60,eyk3i,84,0,0,5398,43,0,00:01:38,38,0.7,11,26,A1,8º ano
aluno61,ouhzt,95,2,0,5365,40,0,00:02:59,52,0.54,11,17,A0,6º ano
aluno62,zocoy,60,7,0,5268,33,0,00:06:27,27,0.88,7,13,A2,9º ano
aluno63,87ccs,64,3,0,5160,21,0,00:00:50,43,0.44,8,16,A1,6º ano
aluno64,oany5,64,4,0,5101,34,0,00:02:44,30,0.77,9,17,A1,9º ano
aluno65,eyk3i,61,0,0,5004,45,0,00:04:58,15,0.62,9,31,A1,8º ano
aluno66,ouhzt,70,13,0,4907,19,0,00:00:52,48,0.65,5,5,A0,6º ano
aluno67,icmob,65,0,0,4705,11,0,00:00:45,53,0.76,11,3,A1,8º ano
aluno68,icmob,51,12,0,4587,26,0,00:02:11,25,0.6,3,12,A1,8º ano
aluno69,qdqvo,94,1,0,4556,38,0,00:01:29,53,0.45,6,22,A0,6º ano
aluno70,ouhzt,57,8,0,4536,26,0,00:02:28,28,0.82,6,18,A1,6º ano
aluno71,oiqy9,65,3,0,4532,33,0,00:02:29,29,0.73,7,23,A1,9º ano
aluno72,_ny0606_default,57,0,0,4401,40,0,00:07:16,17,0.57,12,1,A1,6º ano
aluno73,eyk3i,57,3,0,4321,31,0,00:06:58,23,0.88,6,24,A2,8º ano
aluno74,oiqy9,53,14,0,4319,22,0,00:02:00,28,0.59,2,13,A1,9º ano
aluno75,1ecn2,56,7,0,4222,33,0,00:01:56,22,0.28,9,1,A1,8º ano
aluno76,2ziol,51,0,0,4148,40,0,00:02:03,11,0.52,6,1,A1,8º ano
aluno77,5aybh,42,6,0,4072,32,0,00:02:21,10,0.55,0,14,A1,7º ano
aluno78,loprm,55,5,0,3969,19,0,00:02:27,33,0.86,9,9,A1,9º ano
aluno79,icmob,43,10,0,3959,21,0,00:02:15,22,0.74,4,4,A2,8º ano
aluno80,udlfi,55,0,0,3897,32,0,00:02:24,20,0.66,9,10,A1,6º ano
aluno81,ymbb7,46,0,1,3891,31,0,00:09:09,15,0.89,5,28,B1,9º ano
aluno82,fof6t,55,0,3,3858,33,0,00:01:56,22,0.45,9,16,A1,6º ano
aluno83,zocoy,49,0,0,3856,30,0,00:03:20,19,0.79,11,19,A2,9º ano
aluno84,p5bmm,50,7,0,3782,20,0,00:00:50,30,0.69,4,7,A0,8º ano
aluno85,ymbb7,78,2,0,3758,27,0,00:01:30,48,0.69,3,16,A0,9º ano
aluno86,fsqaw,39,1,2,3755,18,0,00:00:50,21,0.63,16,3,A0,8º ano
aluno87,dg23e,61,0,0,3726,28,0,00:01:51,30,0.64,7,11,A0,7º ano
aluno88,udlfi,61,1,0,3602,34,0,00:02:38,27,0.21,9,26,A2,6º ano
aluno89,oiqy9,44,3,0,3582,29,0,00:00:50,15,0.59,4,4,A1,9º ano
aluno90,fof6t,50,0,3,3566,29,0,00:01:17,21,0.58,8,11,A1,6º ano
aluno91,l8dt4,45,7,0,3495,21,0,00:00:50,24,0.55,4,7,A0,7º ano
aluno92,ouhzt,88,2,0,3457,29,0,00:01:42,56,0.52,4,15,A1,6º ano
aluno93,icmob,42,8,0,3374,15,0,00:00:52,24,0.88,2,12,A1,8º ano
aluno94,_ny0606_default,38,4,0,3319,24,0,00:01:45,14,0.5,6,5,A1,6º ano
aluno95,dg23e,40,3,0,3285,25,0,00:01:23,15,0.58,7,13,A1,7º ano
aluno96,ymbb7,60,2,0,3224,20,0,00:01:12,40,0.65,0,16,A0,9º ano
aluno97,5u3zk,50,12,0,3222,9,0,00:00:20,40,0.44,4,0,A0,7º ano
aluno98,ygz43,49,0,0,3204,25,0,00:02:00,24,0.64,9,9,A1,7º ano
aluno99,qdqvo,55,1,0,3203,23,0,00:01:16,32,0.77,4,17,A0,6º ano
aluno100,dg23e,48,4,0,3183,23,0,00:04:13,22,0.46,3,11,A1,7º ano
aluno101,2ziol,51,1,0,3181,25,0,00:01:29,23,0.5,6,11,A1,8º ano
aluno102,1ecn2,51,5,0,3169,19,0,00:00:41,29,0.53,5,0,A0,8º ano
aluno103,l8dt4,60,0,0,3154,26,0,00:00:52,34,0.41,6,6,A0,7º ano
aluno104,4uz8p,35,7,0,3103,16,0,00:01:51,16,0.6,3,2,A1,6º ano
aluno105,qdqvo,43,2,0,3028,27,0,00:02:25,15,0.62,6,17,A2,6º ano
aluno106,ygz43,61,6,0,3022,13,0,00:00:21,45,0.57,5,8,A0,7º ano
aluno107,87ccs,54,6,0,2977,18,0,00:00:29,33,0.34,3,15,A1,6º ano
aluno108,fsqaw,37,0,3,2944,24,0,00:02:15,12,0.68,4,18,A1,8º ano
aluno109,fof6t,36,2,5,2932,15,0,00:00:42,21,0.55,5,0,A0,6º ano
aluno110,l8dt4,50,1,0,2914,25,0,00:00:57,25,0.65,3,8,A0,7º ano
aluno111,6ve7m,37,8,0,2908,11,0,00:00:45,26,0.77,0,10,A2,9º ano
aluno112,2ziol,51,0,0,2888,23,0,00:01:19,25,0.47,7,3,A1,8º ano
aluno113,55338,43,1,0,2816,18,0,00:01:04,24,0.75,9,3,A1,6º ano
aluno114,oiqy9,50,1,0,2766,14,0,00:00:32,35,0.63,12,10,A0,9º ano
aluno115,eyk3i,42,4,0,2650,20,0,00:02:34,19,0.57,1,12,A2,8º ano
aluno116,tj173,33,1,0,2618,25,0,00:03:48,8,0.31,2,14,A2,7º ano
aluno117,ouhzt,35,3,0,2587,16,0,00:02:05,19,0.78,4,8,A1,6º ano
aluno118,ouhzt,41,1,0,2578,18,0,00:01:20,22,0.61,8,3,A0,6º ano
aluno119,fof6t,55,0,3,2575,12,0,00:01:04,40,0.36,12,0,A0,6º ano
aluno120,oiqy9,36,6,0,2519,14,0,00:00:51,19,0.6,5,7,A1,9º ano
aluno121,zocoy,31,0,0,2446,22,0,00:02:46,9,0.69,6,4,A2,9º ano
aluno122,ouhzt,25,8,0,2367,11,0,00:00:25,14,0.67,0,1,A0,6º ano
aluno123,eyk3i,29,5,0,2341,14,0,00:01:47,12,0.73,5,5,A2,8º ano
aluno124,fof6t,23,3,6,2321,13,0,00:00:52,10,0.62,1,3,A0,6º ano
aluno125,eyk3i,29,0,0,2205,18,0,00:01:28,11,0.85,6,8,A2,8º ano
aluno126,_ny0606_default,30,5,0,2154,10,0,00:03:56,20,0.61,4,0,A1,6º ano
aluno127,udlfi,26,0,0,2113,19,0,00:00:53,7,0.51,6,13,A1,6º ano
aluno128,icmob,28,0,0,2103,18,0,00:01:31,10,0.73,4,4,A1,8º ano
aluno129,orbda,17,8,0,2066,9,0,00:02:33,8,0.91,0,0,A1,6º ano
aluno130,_ny0606_default,27,0,0,2046,14,0,00:01:46,11,0.53,7,0,A1,6º ano
aluno131,2ziol,37,4,0,2031,3,0,00:00:14,33,0.7,1,4,A1,8º ano
aluno132,l8dt4,26,0,0,2030,19,0,00:01:53,7,0.21,8,11,A0,7º ano
aluno133,dzgln,34,3,0,1974,10,0,00:00:37,21,0.6,3,7,A0,7º ano
aluno134,6ve7m,28,4,0,1914,9,0,00:00:41,16,0.73,3,6,A1,9º ano
aluno135,5aybh,32,0,0,1907,15,0,00:01:20,17,0.65,5,9,A1,7º ano
aluno136,2ziol,42,2,0,1894,9,0,00:00:28,30,0.51,3,4,A1,8º ano
aluno137,ouhzt,31,4,0,1881,9,0,00:00:53,19,0.53,4,6,A1,6º ano
aluno138,fof6t,28,0,4,1841,10,0,00:00:28,18,0.76,1,6,A0,6º ano
aluno139,55338,23,0,0,1829,13,0,00:01:48,10,0.92,7,0,A1,6º ano
aluno140,9qp7p,19,0,2,1822,12,0,00:00:33,7,0.3,0,13,A1,6º ano
aluno141,6ve7m,30,1,0,1820,14,0,00:01:48,13,0.86,2,9,A2,9º ano
aluno142,ymbb7,24,0,3,1804,14,0,00:01:00,10,0.78,4,10,A1,9º ano
aluno143,9qp7p,28,0,3,1769,12,0,00:00:37,15,0.54,8,6,A1,6º ano
aluno144,ouhzt,40,0,0,1763,16,0,00:00:47,21,0.41,3,11,A0,6º ano
aluno145,2ziol,32,1,0,1742,11,0,00:00:22,18,0.68,3,7,A0,8º ano
aluno146,olympicstest1,23,0,0,1715,11,0,00:00:23,12,1.0,4,0,A0,6º ano
aluno147,udlfi,22,2,0,1653,10,0,00:00:30,12,0.75,0,7,A1,6º ano
aluno148,icmob,29,0,0,1645,10,0,00:00:53,19,0.67,1,8,A1,8º ano
aluno149,zocoy,23,1,0,1605,15,0,00:02:14,8,0.73,1,12,A2,9º ano
aluno150,zocoy,24,1,0,1598,12,0,00:01:22,11,0.76,3,8,A2,9º ano
aluno151,stc26,23,0,0,1591,11,0,00:00:33,11,0.64,4,6,A0,6º ano
aluno152,olympicstest1,19,1,0,1589,13,0,00:03:05,6,0.69,3,0,A1,6º ano
aluno153,dg23e,33,0,0,1541,12,0,00:01:35,18,0.36,6,6,A1,7º ano
aluno154,stc26,22,0,0,1534,13,0,00:01:04,9,0.3,5,3,A0,6º ano
aluno155,ouhzt,40,0,0,1498,0,0,00:00:00,40,0.73,4,0,A0,6º ano
aluno156,ygz43,22,3,0,1495,8,0,00:00:15,14,0.52,3,6,A0,7º ano
aluno157,eyk3i,22,1,0,1489,16,0,00:05:36,6,0.63,0,12,A2,8º ano
aluno158,p5bmm,24,0,0,1483,10,0,00:00:33,14,0.67,4,0,A0,8º ano
aluno159,eyk3i,20,3,0,1442,9,0,00:00:50,10,0.53,2,6,A2,8º ano
aluno160,zocoy,28,0,0,1425,12,0,00:01:29,13,0.42,5,8,A2,9º ano
aluno161,si8jo,32,0,0,1401,4,0,00:00:10,25,0.55,11,1,A1,6º ano
aluno162,icmob,26,2,0,1362,8,0,00:01:05,18,0.61,1,4,A0,8º ano
aluno163,2ziol,25,2,0,1361,7,0,00:00:14,15,0.56,4,5,A0,8º ano
aluno164,5aybh,23,0,0,1335,12,0,00:01:26,11,0.66,2,6,A0,7º ano
aluno165,dg23e,20,0,0,1331,13,0,00:00:48,7,0.36,3,10,A1,7º ano
aluno166,fztih,21,0,0,1321,11,0,00:01:10,7,0.71,2,7,A1,9º ano
aluno167,loprm,12,6,0,1297,4,0,00:00:11,8,0.74,0,2,A1,9º ano
aluno168,ymbb7,5,0,6,1295,3,0,00:00:23,2,0.85,6,1,A1,9º ano
aluno169,stc26,32,0,0,1285,12,0,00:01:06,17,0.68,1,6,A0,6º ano
aluno170,l8dt4,23,0,0,1240,12,0,00:00:33,11,0.65,3,4,A0,7º ano
aluno171,zocoy,14,3,0,1238,9,0,00:00:51,5,0.55,0,4,A2,9º ano
aluno172,_ny0606_default,13,1,0,1230,10,0,00:00:54,3,0.67,3,0,A1,6º ano
aluno173,5u3zk,16,1,4,1169,7,0,00:01:06,9,0.37,0,5,A0,7º ano
aluno174,5aybh,13,0,0,1143,9,0,00:01:44,4,0.8,4,2,A1,7º ano
aluno175,stc26,10,4,0,1131,7,0,00:00:37,3,0.8,1,6,A0,6º ano
aluno176,icmob,18,4,0,1128,4,0,00:00:37,13,0.49,1,3,A0,8º ano
aluno177,33xi9,27,4,0,1115,5,0,00:00:14,22,0.2,0,0,A1,6º ano
aluno178,fof6t,16,2,5,1094,4,0,00:00:25,9,0.3,1,2,A1,6º ano
aluno179,6ve7m,21,1,0,1092,4,0,00:00:19,14,0.81,2,3,A1,9º ano
aluno180,ouhzt,21,0,0,1077,5,0,00:00:33,13,0.85,2,3,A1,6º ano
aluno181,ymbb7,22,0,0,1077,9,0,00:00:19,13,0.72,0,6,A0,9º ano
aluno182,33xi9,13,0,0,1047,9,0,00:00:35,4,0.53,4,0,A1,6º ano
aluno183,6ve7m,17,1,0,1044,4,0,00:00:18,10,0.8,1,4,A1,9º ano
aluno184,_ny0606_default,17,1,0,1043,6,0,00:00:16,11,0.55,4,0,A1,6º ano
aluno185,ymbb7,6,0,6,1034,4,0,00:00:11,2,0.92,0,4,A0,9º ano
aluno186,6ve7m,15,0,0,1034,7,0,00:00:23,8,0.73,4,5,A1,9º ano
aluno187,zl74u,21,0,0,1018,7,0,00:01:24,14,0.45,0,7,A2,9º ano
aluno188,_ny0606_default,11,0,0,990,9,0,00:00:39,2,0.75,4,0,A1,6º ano
aluno189,ymbb7,19,0,0,986,6,0,00:00:27,10,0.71,3,1,A1,9º ano
aluno190,dzgln,19,5,0,944,0,0,00:00:00,19,0.47,0,0,A0,7º ano
aluno191,_ny0606_default,12,0,0,936,9,0,00:00:36,3,0.24,0,1,A1,6º ano
aluno192,ouhzt,16,0,0,924,4,0,00:00:21,9,0.87,3,2,A0,6º ano
aluno193,eyk3i,18,0,0,922,6,0,00:00:19,12,0.59,4,2,A1,8º ano
aluno194,5u3zk,13,0,4,921,4,0,00:00:09,9,0.38,5,0,A0,7º ano
aluno195,ymbb7,17,0,0,919,9,0,00:00:39,8,0.77,1,5,A0,9º ano
aluno196,dg23e,13,4,0,900,4,0,00:00:09,8,0.25,0,3,A1,7º ano
aluno197,udlfi,18,0,0,890,6,0,00:00:32,9,0.4,1,6,A1,6º ano
aluno198,ygz43,19,0,0,881,6,0,00:00:28,10,0.54,1,1,A1,7º ano
aluno199,dg23e,13,2,0,846,4,0,00:00:17,8,0.59,1,2,A1,7º ano
aluno200,fof6t,14,0,4,837,3,0,00:00:14,11,0.69,4,1,A0,6º ano
aluno201,qdqvo,11,0,0,837,9,0,00:00:41,2,0.17,2,1,A1,6º ano
aluno202,ymbb7,16,0,4,836,2,0,00:00:07,14,0.72,0,0,A0,9º ano
aluno203,ouhzt,17,0,0,829,6,0,00:00:16,10,0.8,3,2,A0,6º ano
aluno204,2ziol,12,0,0,818,7,0,00:00:41,5,0.43,1,6,A1,8º ano
aluno205,icmob,20,0,0,806,3,0,00:00:16,14,0.68,3,1,A1,8º ano
aluno206,ouhzt,16,2,0,806,4,0,00:00:07,9,0.41,2,3,A0,6º ano
aluno207,olympicstest1,11,0,0,794,5,0,00:02:14,6,0.94,1,4,B1,6º ano
aluno208,zocoy,12,0,0,779,5,0,00:00:29,7,0.71,3,2,A2,9º ano
aluno209,fsqaw,5,0,2,776,2,0,00:00:03,3,0.76,3,1,A0,8º ano
aluno210,qdqvo,18,0,0,769,5,0,00:00:10,10,0.46,4,4,A1,6º ano
aluno211,eyk3i,16,2,0,753,3,0,00:00:12,10,0.49,1,3,A1,8º ano
aluno212,ouhzt,13,1,0,747,2,0,00:00:08,11,0.66,4,1,A0,6º ano
aluno213,fof6t,20,0,4,736,0,0,00:00:00,19,0.49,2,0,A1,6º ano
aluno214,eyk3i,8,0,0,732,6,0,00:01:34,2,0.92,4,3,A2,8º ano
aluno215,ouhzt,15,2,0,727,3,0,00:00:19,10,0.38,1,3,A0,6º ano
aluno216,zocoy,12,2,0,727,0,0,00:00:00,11,0.94,1,0,A2,9º ano
aluno217,tj173,10,0,0,720,7,0,00:00:30,3,0.5,2,4,A1,7º ano
aluno218,udlfi,5,0,0,714,1,0,00:00:03,4,0.82,0,1,A0,6º ano
aluno219,9qp7p,5,0,3,692,4,0,00:00:16,1,0.83,5,0,A2,6º ano
aluno220,2ziol,17,0,0,687,2,0,00:00:12,12,0.73,5,1,A1,8º ano
aluno221,fof6t,6,2,3,686,2,0,00:00:18,3,0.9,0,2,A1,6º ano
aluno222,2ziol,12,2,0,686,3,0,00:00:11,9,0.58,0,2,A1,8º ano
aluno223,ouhzt,11,0,0,674,5,0,00:01:57,5,0.69,0,5,A2,6º ano
aluno224,icmob,15,0,0,664,2,0,00:00:15,10,0.87,3,0,A1,8º ano
aluno225,eyk3i,11,0,0,645,5,0,00:00:21,6,0.61,1,4,A2,8º ano
aluno226,33xi9,12,0,0,636,3,0,00:00:08,9,0.72,1,0,A1,6º ano
aluno227,eyk3i,16,0,0,633,4,0,00:00:30,9,0.58,2,2,A2,8º ano
aluno228,ymbb7,5,0,5,630,3,0,00:00:07,2,0.35,2,1,A0,9º ano
aluno229,ouhzt,14,1,0,615,3,0,00:00:15,8,0.51,1,2,A1,6º ano
aluno230,4uz8p,8,1,0,607,2,0,00:00:12,6,0.77,0,0,A1,6º ano
aluno231,olympicstest1,7,0,0,600,5,0,00:01:20,2,1.0,0,4,B1,6º ano
aluno232,ymbb7,4,1,6,600,0,0,00:00:00,4,0.7,1,0,A0,9º ano
aluno233,fof6t,5,0,3,592,3,0,00:00:06,2,0.77,0,3,A1,6º ano
aluno234,fof6t,16,1,3,591,0,0,00:00:00,16,0.41,1,0,A0,6º ano
aluno235,5u3zk,6,0,5,589,3,0,00:00:11,3,0.26,0,3,A1,7º ano
aluno236,ymbb7,5,0,2,567,2,0,00:00:06,3,0.78,0,1,A1,9º ano
aluno237,ymbb7,11,0,2,558,5,0,00:00:12,6,0.53,0,3,A0,9º ano
aluno238,fsqaw,14,0,2,549,0,0,00:00:00,13,0.64,3,0,A1,8º ano
aluno239,dzgln,13,0,0,540,1,0,00:00:06,12,0.63,1,0,A0,7º ano
aluno240,zocoy,8,1,0,538,3,0,00:00:14,4,0.64,1,2,A2,9º ano
aluno241,4uz8p,6,0,0,537,5,0,00:00:52,1,0.83,2,1,A1,6º ano
aluno242,ouhzt,15,0,0,537,2,0,00:00:11,11,0.61,0,1,A0,6º ano
aluno243,udlfi,7,2,0,515,2,0,00:00:12,5,0.46,0,1,A1,6º ano
aluno244,ymbb7,5,0,6,502,0,0,00:00:00,5,0.57,1,0,A0,9º ano
aluno245,s9jkh,11,0,0,502,2,0,00:00:06,9,0.67,0,2,A2,7º ano
aluno246,ymbb7,7,0,3,501,2,0,00:00:03,5,0.6,0,0,A0,9º ano
aluno247,fof6t,2,0,7,500,1,0,00:00:06,1,1.0,0,0,A1,6º ano
aluno248,5u3zk,10,0,0,494,3,0,00:00:37,7,0.44,4,1,A1,7º ano
aluno249,eyk3i,7,0,0,492,4,0,00:00:19,3,0.88,1,2,A2,8º ano
aluno250,zocoy,15,0,0,484,5,0,00:00:20,7,0.78,1,1,A2,9º ano
aluno251,tj173,14,0,0,480,2,0,00:00:30,9,0.37,1,2,A1,7º ano
aluno252,5u3zk,8,2,0,477,1,0,00:00:03,7,0.43,0,1,A0,7º ano
aluno253,33xi9,4,2,0,466,2,0,00:00:04,2,0.67,0,0,A1,6º ano
aluno254,fof6t,4,0,3,462,3,0,00:00:10,1,0.83,2,1,A1,6º ano
aluno255,2ziol,8,0,0,462,6,0,00:00:14,2,0.42,2,2,A1,8º ano
aluno256,fof6t,11,0,3,460,1,0,00:00:03,7,0.43,1,1,A1,6º ano
aluno257,oany5,13,0,0,457,2,0,00:00:04,8,0.62,1,1,A1,9º ano
aluno258,ymbb7,9,0,3,452,0,0,00:00:00,9,0.46,3,0,A0,9º ano
aluno259,5u3zk,1,0,5,450,1,0,00:00:07,0,0.0,0,0,A1,7º ano
aluno260,4uz8p,11,0,0,441,1,0,00:00:02,10,0.64,2,0,A1,6º ano
aluno261,5u3zk,11,1,0,428,2,0,00:00:17,7,0.34,1,0,A0,7º ano
aluno262,5u3zk,5,0,5,425,0,0,00:00:00,5,0.66,1,0,A0,7º ano
aluno263,dg23e,11,0,0,422,2,0,00:00:06,6,0.7,1,1,A1,7º ano
aluno264,gqzpi,0,0,11,420,0,0,00:00:00,0,0.0,0,0,A1,8º ano
aluno265,orbda,9,0,0,418,2,0,00:00:04,6,0.69,1,0,A1,6º ano
aluno266,_ny0606_default,8,1,0,417,1,0,00:00:02,7,0.62,0,0,A1,6º ano
aluno267,4uz8p,20,0,0,415,0,0,00:00:00,20,0.42,0,0,A1,6º ano
aluno268,udlfi,14,0,0,414,2,0,00:00:05,12,0.42,4,0,A0,6º ano
aluno269,orbda,8,0,0,406,2,0,00:00:06,6,0.59,3,0,A1,6º ano
aluno270,eyk3i,9,0,0,402,2,0,00:00:06,5,0.76,1,1,A1,8º ano
aluno271,icmob,4,1,0,400,2,0,00:00:09,2,1.0,0,2,A0,8º ano
aluno272,ccloi,6,0,1,400,2,0,00:00:08,3,1.0,0,1,A1,6º ano
aluno273,gqzpi,0,0,9,400,0,0,00:00:00,0,0.0,0,0,A1,8º ano
aluno274,33xi9,4,0,0,395,4,0,00:00:10,0,0.0,2,0,A1,6º ano
aluno275,fztih,17,0,0,395,3,0,00:00:09,14,0.54,2,0,A0,9º ano
aluno276,ymbb7,4,0,5,393,0,0,00:00:00,4,0.37,2,0,A0,9º ano
aluno277,fof6t,4,0,3,383,3,0,00:00:06,1,0.67,0,2,A0,6º ano
aluno278,udlfi,19,0,0,381,0,0,00:00:00,16,0.41,5,0,A1,6º ano
aluno279,87ccs,6,0,0,378,3,0,00:00:06,3,0.52,0,2,A1,6º ano
aluno280,dzgln,13,0,0,378,2,0,00:00:05,8,0.42,1,0,A0,7º ano
aluno281,zocoy,6,0,0,375,4,0,00:00:17,2,0.75,0,3,A2,9º ano
aluno282,55338,7,0,0,373,2,0,00:00:09,5,0.65,1,2,A1,6º ano
aluno283,testtest2,6,0,0,372,2,0,00:00:11,4,0.85,0,0,A1,6º ano
aluno284,1ecn2,6,0,0,369,3,0,00:00:13,3,0.39,1,0,A1,8º ano
aluno285,udlfi,12,0,0,357,3,0,00:00:14,6,0.46,2,0,A0,6º ano
aluno286,ouhzt,10,0,0,350,2,0,00:00:10,6,0.6,2,1,A1,6º ano
aluno287,ccloi,4,0,1,350,2,0,00:00:08,2,1.0,0,1,A1,6º ano
aluno288,9qp7p,1,0,4,350,1,0,00:00:02,0,0.0,0,0,A1,6º ano
aluno289,ymbb7,5,0,4,339,0,0,00:00:00,5,0.51,1,0,A2,9º ano
aluno290,fsqaw,4,0,3,334,0,0,00:00:00,4,0.25,1,0,A0,8º ano
aluno291,9qp7p,7,0,2,334,0,0,00:00:00,7,0.41,4,0,A0,6º ano
aluno292,eyk3i,4,0,0,327,3,0,00:00:07,1,0.83,1,2,A2,8º ano
aluno293,p5bmm,4,0,0,325,2,0,00:00:06,2,0.83,0,2,A0,8º ano
aluno294,ouhzt,6,1,0,325,1,0,00:00:02,4,0.58,1,1,A1,6º ano
aluno295,ymbb7,1,0,4,320,1,0,00:00:07,0,0.0,2,1,A0,9º ano
aluno296,55338,3,0,0,310,3,0,00:00:21,0,0.0,1,0,A1,6º ano
aluno297,ymbb7,0,0,5,300,0,0,00:00:00,0,0.0,0,0,A1,9º ano
aluno298,fof6t,0,0,4,300,0,0,00:00:00,0,0.0,0,0,A1,6º ano
aluno299,ymbb7,0,0,5,300,0,0,00:00:00,0,0.0,0,0,A1,9º ano
aluno300,eyk3i,4,1,0,300,1,0,00:00:07,3,0.67,0,1,A2,8º ano
aluno301,9qp7p,7,0,0,298,2,0,00:00:03,5,0.39,0,1,A1,6º ano
aluno302,olympicstest1,6,0,0,298,0,0,00:00:00,6,0.89,3,0,B1,6º ano
aluno303,55338,4,0,0,286,2,0,00:00:05,2,0.67,2,0,A1,6º ano
aluno304,2ziol,6,0,0,285,2,0,00:00:14,2,0.75,1,1,A1,8º ano
aluno305,87ccs,5,0,0,283,2,0,00:00:12,3,0.56,0,0,A1,6º ano
aluno306,dzgln,12,0,0,279,1,0,00:00:03,8,0.42,1,1,A0,7º ano
aluno307,gqzpi,0,0,10,276,0,0,00:00:00,0,0.0,0,0,A1,8º ano
aluno308,ouhzt,3,1,0,275,1,0,00:00:02,2,0.75,0,1,A0,6º ano
aluno309,5u3zk,4,0,4,274,0,0,00:00:00,4,0.37,0,0,A0,7º ano
aluno310,udlfi,6,0,0,273,2,0,00:00:05,3,0.42,1,1,A0,6º ano
aluno311,unc5q,5,0,1,269,0,0,00:00:00,5,0.87,0,0,A2,Ensino Médio
aluno312,zocoy,10,0,0,266,2,0,00:00:31,8,0.42,0,1,A2,9º ano
aluno313,33xi9,6,0,0,265,1,0,00:00:02,5,0.62,1,0,A1,6º ano
aluno314,33xi9,3,0,0,264,2,0,00:00:05,1,0.88,2,0,A1,6º ano
aluno315,si8jo,7,0,0,259,1,0,00:00:02,5,0.6,1,0,A1,6º ano
aluno316,olympicstest1,7,0,0,258,0,0,00:00:00,5,0.95,2,0,A1,6º ano
aluno317,5u3zk,0,0,5,250,0,0,00:00:00,0,0.0,0,0,A0,7º ano
aluno318,ccloi,3,0,1,250,1,0,00:00:05,2,1.0,0,1,A1,6º ano
aluno319,leqxt,0,0,3,250,0,0,00:00:00,0,0.0,0,0,A1,Ensino Médio
aluno320,ymbb7,1,0,4,250,0,0,00:00:00,1,1.0,0,0,A2,9º ano
aluno321,5u3zk,0,0,5,250,0,0,00:00:00,0,0.0,0,0,A0,7º ano
aluno322,oany5,11,0,0,242,0,0,00:00:00,11,0.4,2,0,A0,9º ano
aluno323,stc26,7,0,0,237,0,0,00:00:00,7,0.67,0,0,A0,6º ano
aluno324,fsqaw,2,0,2,237,0,0,00:00:00,2,0.37,0,0,A0,8º ano
aluno325,ymbb7,2,0,3,235,0,0,00:00:00,1,0.5,1,0,A0,9º ano
aluno326,33xi9,7,0,0,233,0,0,00:00:00,6,0.74,1,0,A1,6º ano
aluno327,si8jo,8,0,0,230,0,0,00:00:00,6,0.73,1,0,A1,6º ano
aluno328,gqzpi,0,0,11,230,0,0,00:00:00,0,0.0,0,0,A1,8º ano
aluno329,fztih,4,1,0,229,0,0,00:00:00,4,0.65,0,0,A0,9º ano
aluno330,dzgln,7,0,0,228,1,0,00:00:01,4,0.58,1,1,A0,7º ano
aluno331,zocoy,4,1,0,227,0,0,00:00:00,4,0.64,0,0,A2,9º ano
aluno332,5u3zk,1,0,4,225,0,0,00:00:00,1,0.5,0,0,A0,7º ano
aluno333,5u3zk,4,0,1,222,0,0,00:00:00,4,0.86,0,0,A1,7º ano
aluno334,ygz43,8,0,0,222,1,0,00:00:04,5,0.49,0,0,A0,7º ano
aluno335,fsqaw,1,0,2,217,0,0,00:00:00,1,0.33,0,0,A0,8º ano
aluno336,icmob,7,0,0,216,1,0,00:00:03,6,0.52,1,0,A0,8º ano
aluno337,gqzpi,0,0,10,212,0,0,00:00:00,0,0.0,0,0,A1,8º ano
aluno338,fsqaw,1,0,2,210,1,0,00:00:02,0,0.0,1,0,A1,8º ano
aluno339,55338,4,0,0,210,2,0,00:00:09,2,0.4,2,0,A1,6º ano
aluno340,33xi9,4,0,0,205,1,0,00:00:03,3,0.63,1,0,A1,6º ano
aluno341,oany5,5,0,0,203,1,0,00:00:03,3,0.68,0,1,A1,9º ano
aluno342,_ny-b2c_default,3,0,0,198,0,0,00:00:00,1,1.0,1,0,A1,6º ano
aluno343,idwc8,0,0,9,197,0,0,00:00:00,0,0.0,0,0,A1,6º ano
aluno344,fsqaw,5,0,0,192,0,0,00:00:00,5,0.77,0,0,A2,8º ano
aluno345,9qp7p,3,0,0,190,1,0,00:00:03,2,0.8,1,0,A0,6º ano
aluno346,eyk3i,9,0,0,187,0,0,00:00:00,6,0.59,1,0,A2,8º ano
aluno347,dzgln,2,1,0,186,0,0,00:00:00,2,0.86,0,0,A0,7º ano
aluno348,ymbb7,3,0,1,185,1,0,00:00:05,1,1.0,1,0,A0,9º ano
aluno349,aslae,0,0,4,184,0,0,00:00:00,0,0.0,0,0,A1,7º ano
aluno350,aslae,0,0,4,183,0,0,00:00:00,0,0.0,0,0,A1,7º ano
aluno351,fsqaw,1,0,2,175,0,0,00:00:00,1,0.5,0,0,A0,8º ano
aluno352,si8jo,3,0,0,175,1,0,00:00:09,2,0.75,0,0,A1,6º ano
aluno353,8c6o5,0,0,5,170,0,0,00:00:00,0,0.0,0,0,A1,6º ano
aluno354,ouhzt,3,1,0,169,0,0,00:00:00,3,0.46,0,0,A1,6º ano
aluno355,5aybh,7,0,0,167,1,0,00:00:05,6,0.27,1,0,A0,7º ano
aluno356,p5bmm,6,0,0,166,0,0,00:00:00,6,0.55,0,0,A1,8º ano
aluno357,_ny0606_default,3,0,0,160,1,0,00:00:03,2,1.0,1,0,A1,6º ano
aluno358,eyturma5,3,0,0,160,0,0,00:00:00,3,0.27,0,0,A1,6º ano
aluno359,_ny-b2c_default,8,0,0,159,0,0,00:00:00,5,0.6,1,0,A1,6º ano
aluno360,fof6t,3,0,3,158,0,0,00:00:00,3,0.06,0,0,A0,6º ano
aluno361,udlfi,3,0,0,152,2,0,00:00:07,1,0.83,1,0,A0,6º ano
aluno362,gqzpi,0,0,11,150,0,0,00:00:00,0,0.0,0,0,A1,8º ano
aluno363,fof6t,0,0,3,150,0,0,00:00:00,0,0.0,0,0,A1,6º ano
aluno364,fsqaw,0,0,2,150,0,0,00:00:00,0,0.0,0,0,A1,8º ano
aluno365,ymbb7,0,0,2,150,0,0,00:00:00,0,0.0,0,0,A0,9º ano
aluno366,leqxt,0,0,3,150,0,0,00:00:00,0,0.0,0,0,A1,Ensino Médio
aluno367,p5bmm,3,0,0,150,1,0,00:00:02,1,1.0,0,1,A0,8º ano
aluno368,fof6t,0,0,3,150,0,0,00:00:00,0,0.0,0,0,A0,6º ano
aluno369,leqxt,0,0,3,150,0,0,00:00:00,0,0.0,0,0,A2,Ensino Médio
aluno370,eyk3i,4,0,0,150,2,0,00:00:13,2,0.5,0,1,A2,8º ano
aluno371,fsqaw,0,0,3,150,0,0,00:00:00,0,0.0,0,0,A1,8º ano
aluno372,leqxt,0,0,3,150,0,0,00:00:00,0,0.0,0,0,A1,Ensino Médio
aluno373,ccloi,2,0,1,150,0,0,00:00:00,2,1.0,0,0,A0,6º ano
aluno374,2ziol,4,0,0,149,0,0,00:00:00,4,0.64,2,0,A1,8º ano
aluno375,_ny-b2c_default,2,0,0,148,0,0,00:00:00,1,1.0,1,0,A1,6º ano
aluno376,orbda,3,0,0,147,0,0,00:00:00,3,0.84,2,0,A1,6º ano
aluno377,l1der,0,0,4,146,0,0,00:00:00,0,0.0,0,0,A1,8º ano
aluno378,9qp7p,6,0,0,145,0,0,00:00:00,4,0.73,0,0,A0,6º ano
aluno379,ymbb7,1,0,2,143,0,0,00:00:00,1,0.67,1,0,A0,9º ano
aluno380,55338,4,0,0,143,0,0,00:00:00,4,0.41,6,0,A1,6º ano
aluno381,si8jo,2,0,0,143,1,0,00:00:05,1,0.67,1,0,A1,6º ano
aluno382,33xi9,3,0,0,142,1,0,00:00:04,2,0.42,0,1,A1,6º ano
aluno383,aslae,0,0,3,142,0,0,00:00:00,0,0.0,0,0,A1,7º ano
aluno384,4thqd,0,0,6,141,0,0,00:00:00,0,0.0,0,0,A1,8º ano
aluno385,zocoy,2,0,0,140,1,0,00:00:02,1,0.6,1,0,A2,9º ano
aluno386,5u3zk,3,0,0,137,1,0,00:00:02,2,0.27,1,0,A0,7º ano
aluno387,oany5,6,0,0,135,0,0,00:00:00,5,0.54,0,0,A1,9º ano
aluno388,aslae,0,0,4,133,0,0,00:00:00,0,0.0,0,0,A1,7º ano
aluno389,aslae,0,0,4,133,0,0,00:00:00,0,0.0,0,0,A1,7º ano
aluno390,55338,2,0,0,133,1,0,00:00:02,1,0.67,0,0,A1,6º ano
aluno391,oiqy9,3,0,0,132,1,0,00:00:01,2,0.32,0,1,A1,9º ano
aluno392,gqzpi,0,0,7,130,0,0,00:00:00,0,0.0,0,0,A1,8º ano
aluno393,_ny0606_default,2,0,0,130,1,0,00:00:03,1,0.4,1,0,A1,6º ano
aluno394,eyturma5,7,0,0,127,0,0,00:00:00,7,0.3,0,0,A1,6º ano
aluno395,2ziol,9,0,0,125,0,0,00:00:00,9,0.28,0,0,A1,8º ano
aluno396,ouhzt,4,0,0,123,1,0,00:00:02,3,0.42,1,0,A0,6º ano
aluno397,fsqaw,1,0,2,120,0,0,00:00:00,1,0.4,0,0,A0,8º ano
aluno398,eyk3i,5,0,0,117,0,0,00:00:00,3,0.77,0,0,A1,8º ano
aluno399,rwrxz,0,0,3,116,0,0,00:00:00,0,0.0,0,0,A0,6º ano
aluno400,eyturma5,4,0,0,113,0,0,00:00:00,4,0.29,0,0,A1,6º ano
aluno401,_olympics_default,0,0,2,110,0,0,00:00:00,0,0.0,0,0,A1,6º ano
aluno402,fsqaw,0,0,2,110,0,0,00:00:00,0,0.0,1,0,A1,8º ano
aluno403,oany5,3,0,0,110,0,0,00:00:00,3,0.67,1,0,A2,9º ano
aluno404,eyturma6,4,0,0,107,0,0,00:00:00,4,0.43,0,0,A1,6º ano
aluno405,idwc8,0,0,9,105,0,0,00:00:00,0,0.0,0,0,A1,6º ano
aluno406,fsqaw,0,0,2,100,0,0,00:00:00,0,0.0,0,0,A1,8º ano
aluno407,fsqaw,0,0,2,100,0,0,00:00:00,0,0.0,0,0,A1,8º ano
aluno408,ymbb7,0,0,2,100,0,0,00:00:00,0,0.0,0,0,A1,9º ano
aluno409,fsqaw,0,0,2,100,0,0,00:00:00,0,0.0,0,0,A0,8º ano
aluno410,leqxt,0,0,2,100,0,0,00:00:00,0,0.0,0,0,A0,Ensino Médio
aluno411,leqxt,0,0,2,100,0,0,00:00:00,0,0.0,0,0,A1,Ensino Médio
aluno412,leqxt,0,0,2,100,0,0,00:00:00,0,0.0,0,0,A0,Ensino Médio
aluno413,leqxt,0,0,2,100,0,0,00:00:00,0,0.0,0,0,A0,Ensino Médio
aluno414,leqxt,0,0,2,100,0,0,00:00:00,0,0.0,0,0,A1,Ensino Médio
aluno415,leqxt,0,0,2,100,0,0,00:00:00,0,0.0,0,0,A0,Ensino Médio
aluno416,leqxt,0,0,2,100,0,0,00:00:00,0,0.0,0,0,A1,Ensino Médio
aluno417,fsqaw,0,0,2,100,0,0,00:00:00,0,0.0,0,0,A1,8º ano
aluno418,leqxt,0,0,2,100,0,0,00:00:00,0,0.0,0,0,A1,Ensino Médio
aluno419,_ny0606_default,1,0,0,100,1,0,00:00:03,0,0.0,0,1,A1,6º ano
aluno420,leqxt,0,0,2,100,0,0,00:00:00,0,0.0,0,0,A1,Ensino Médio
aluno421,ymbb7,0,0,2,100,0,0,00:00:00,0,0.0,0,0,A1,9º ano
aluno422,_ny0606_default,1,0,0,100,1,0,00:00:06,0,0.0,0,0,A1,6º ano
aluno423,leqxt,0,0,2,100,0,0,00:00:00,0,0.0,0,0,A1,Ensino Médio
aluno424,leqxt,0,0,2,100,0,0,00:00:00,0,0.0,0,0,A1,Ensino Médio
aluno425,leqxt,0,0,2,100,0,0,00:00:00,0,0.0,0,0,A1,Ensino Médio
aluno426,leqxt,0,0,2,100,0,0,00:00:00,0,0.0,0,0,A1,Ensino Médio
aluno427,leqxt,0,0,2,100,0,0,00:00:00,0,0.0,0,0,A1,Ensino Médio
aluno428,leqxt,0,0,2,100,0,0,00:00:00,0,0.0,0,0,A2,Ensino Médio
aluno429,leqxt,0,0,2,100,0,0,00:00:00,0,0.0,0,0,A1,Ensino Médio
aluno430,stc26,1,0,0,100,1,0,00:00:01,0,0.0,0,1,A0,6º ano
aluno431,olympicstest1,2,0,0,100,0,0,00:00:00,2,1.0,0,0,A1,6º ano
aluno432,leqxt,0,0,2,100,0,0,00:00:00,0,0.0,0,0,A1,Ensino Médio
aluno433,leqxt,0,0,2,100,0,0,00:00:00,0,0.0,0,0,A1,Ensino Médio
aluno434,leqxt,0,0,2,100,0,0,00:00:00,0,0.0,0,0,A1,Ensino Médio
aluno435,leqxt,0,0,2,100,0,0,00:00:00,0,0.0,0,0,A1,Ensino Médio
aluno436,leqxt,0,0,2,100,0,0,00:00:00,0,0.0,0,0,A0,Ensino Médio
aluno437,uh6sj,1,0,1,100,0,0,00:00:00,1,1.0,0,0,A1,6º ano
aluno438,ymbb7,1,0,0,100,1,0,00:00:01,0,0.0,0,1,A0,9º ano
aluno439,qdqvo,1,0,0,100,1,0,00:00:01,0,0.0,0,1,A1,6º ano
aluno440,33xi9,1,0,0,100,1,0,00:00:03,0,0.0,0,0,A1,6º ano
aluno441,leqxt,0,0,2,100,0,0,00:00:00,0,0.0,0,0,A2,Ensino Médio
aluno442,leqxt,0,0,2,100,0,0,00:00:00,0,0.0,0,0,A1,Ensino Médio
aluno443,leqxt,0,0,2,100,0,0,00:00:00,0,0.0,0,0,A1,Ensino Médio
aluno444,fsqaw,0,0,2,100,0,0,00:00:00,0,0.0,0,0,A0,8º ano
aluno445,leqxt,0,0,2,100,0,0,00:00:00,0,0.0,0,0,A0,Ensino Médio
aluno446,leqxt,0,0,2,100,0,0,00:00:00,0,0.0,0,0,A1,Ensino Médio
aluno447,leqxt,0,0,2,100,0,0,00:00:00,0,0.0,0,0,A1,Ensino Médio
aluno448,udlfi,1,0,0,100,1,0,00:00:08,0,0.0,0,1,A1,6º ano
aluno449,aslae,0,0,3,99,0,0,00:00:00,0,0.0,0,0,A1,7º ano
aluno450,_ny-b2c_default,2,0,0,98,0,0,00:00:00,1,1.0,1,0,A1,6º ano
aluno451,fsqaw,1,0,1,92,0,0,00:00:00,1,0.83,0,0,A0,8º ano
aluno452,eyturma6,2,0,0,90,0,0,00:00:00,2,0.2,0,0,A1,6º ano
aluno453,5torl,0,0,3,90,0,0,00:00:00,0,0.0,0,0,A1,Ensino Médio
aluno454,5torl,0,0,3,89,0,0,00:00:00,0,0.0,0,0,A2,Ensino Médio
aluno455,_ny-b2c_default,2,0,0,88,0,0,00:00:00,1,1.0,0,0,A1,6º ano
aluno456,9qp7p,5,0,0,86,0,0,00:00:00,5,0.35,0,0,A0,6º ano
aluno457,ymbb7,1,0,0,85,1,0,00:00:02,0,0.0,1,0,A0,9º ano
aluno458,eyturma5,4,0,0,85,0,0,00:00:00,4,0.43,0,0,A1,6º ano
aluno459,si8jo,1,0,0,85,1,0,00:00:03,0,0.0,1,0,A1,6º ano
aluno460,d349v,0,0,2,83,0,0,00:00:00,0,0.0,0,0,A1,7º ano
aluno461,ysyqm,0,0,2,82,0,0,00:00:00,0,0.0,0,0,A1,Ensino Médio
aluno462,fsqaw,1,0,1,80,0,0,00:00:00,1,0.6,0,0,A2,8º ano
aluno463,eyturma3,4,0,0,77,0,0,00:00:00,4,0.38,0,0,A1,6º ano
aluno464,eyturma6,2,0,0,76,0,0,00:00:00,2,0.75,0,0,A1,6º ano
aluno465,_ny-b2c_default,3,0,0,75,0,0,00:00:00,1,1.0,0,0,A1,6º ano
aluno466,_ny-b2c_default,2,0,0,75,0,0,00:00:00,1,1.0,0,0,A1,6º ano
aluno467,eyturma5,4,0,0,75,0,0,00:00:00,4,0.33,0,0,A1,6º ano
aluno468,_ny-b2c_default,2,0,0,75,0,0,00:00:00,1,1.0,0,0,A1,6º ano
aluno469,d349v,0,0,2,75,0,0,00:00:00,0,0.0,0,0,A1,7º ano
aluno470,d349v,0,0,2,75,0,0,00:00:00,0,0.0,0,0,A1,7º ano
aluno471,4uz8p,2,0,0,73,0,0,00:00:00,2,0.73,0,0,A1,6º ano
aluno472,ouhzt,2,0,0,73,0,0,00:00:00,2,0.73,0,0,A0,6º ano
aluno473,d349v,0,0,2,73,0,0,00:00:00,0,0.0,0,0,A1,7º ano
aluno474,eyturma1,5,0,0,72,0,0,00:00:00,5,0.29,0,0,A1,6º ano
aluno475,gqzpi,0,0,6,70,0,0,00:00:00,0,0.0,0,0,#ERRO!,8º ano
aluno476,eyturma5,3,0,0,70,0,0,00:00:00,3,0.27,0,0,A1,6º ano
aluno477,eyturma6,3,0,0,68,0,0,00:00:00,3,0.36,0,0,A1,6º ano
aluno478,ebac_turma2,12,0,0,68,0,0,00:00:00,4,0.34,0,0,A1,6º ano
aluno479,cfcm91,4,0,0,68,0,0,00:00:00,3,0.46,0,0,A1,6º ano
aluno480,eyturma6,3,0,0,68,0,0,00:00:00,3,0.44,0,0,A1,6º ano
aluno481,9qp7p,3,0,0,67,0,0,00:00:00,3,0.44,0,0,A0,6º ano
aluno482,p5bmm,2,0,0,67,0,0,00:00:00,2,0.67,0,0,A0,8º ano
aluno483,_ny0606_default,7,0,0,66,0,0,00:00:00,7,0.19,0,0,A1,6º ano
aluno484,d349v,0,0,2,65,0,0,00:00:00,0,0.0,0,0,A1,7º ano
aluno485,eyturma5,6,0,0,65,0,0,00:00:00,6,0.18,0,0,A1,6º ano
aluno486,ebac_turma2,9,0,0,65,0,0,00:00:00,3,0.43,0,0,A1,6º ano
aluno487,gqzpi,0,0,10,60,0,0,00:00:00,0,0.0,0,0,A1,8º ano
aluno488,_ny-b2c_default,2,0,0,60,0,0,00:00:00,1,1.0,1,0,A1,6º ano
aluno489,dzgln,2,0,0,60,0,0,00:00:00,1,1.0,1,0,A0,7º ano
aluno490,_ny-b2c_default,2,0,0,60,0,0,00:00:00,1,1.0,1,0,A1,6º ano
aluno491,gqzpi,0,0,10,58,0,0,00:00:00,0,0.0,0,0,A1,8º ano
aluno492,eyturma6,4,0,0,58,0,0,00:00:00,4,0.29,0,0,A1,6º ano
aluno493,eyturma5,4,0,0,58,0,0,00:00:00,4,0.29,0,0,A1,6º ano
aluno494,zocoy,2,0,0,58,0,0,00:00:00,2,0.58,0,0,A1,9º ano
aluno495,o2ean,2,0,0,57,0,0,00:00:00,2,0.57,0,0,A1,6º ano
aluno496,eyturma5,3,0,0,57,0,0,00:00:00,3,0.38,0,0,A1,6º ano
aluno497,eyturma6,4,0,0,57,0,0,00:00:00,4,0.28,0,0,A1,6º ano
aluno498,eyturma4,3,0,0,57,0,0,00:00:00,3,0.38,0,0,A1,6º ano
aluno499,eyturma6,4,0,0,56,0,0,00:00:00,4,0.21,0,0,A1,6º ano
aluno500,eyturma5,2,0,0,55,0,0,00:00:00,2,0.38,0,0,A1,6º ano
aluno501,eyturma5,2,0,0,55,0,0,00:00:00,2,0.38,0,0,A1,6º ano
aluno502,udlfi,3,0,0,54,0,0,00:00:00,3,0.36,0,0,A1,6º ano
aluno503,idwc8,0,0,9,54,0,0,00:00:00,0,0.0,0,0,A1,6º ano
aluno504,eyturma3,3,0,0,53,0,0,00:00:00,3,0.36,0,0,A1,6º ano
aluno505,eyturma6,3,0,0,52,0,0,00:00:00,3,0.34,0,0,A1,6º ano
aluno506,_copa,2,0,0,51,0,0,00:00:00,1,0.75,0,0,A1,6º ano
aluno507,ccloi,0,0,1,50,0,0,00:00:00,0,0.0,0,0,A1,6º ano
aluno508,ccloi,0,0,1,50,0,0,00:00:00,0,0.0,0,0,A1,6º ano
aluno509,l7z19,0,0,1,50,0,0,00:00:00,0,0.0,0,0,A1,6º ano
aluno510,kk7y6,0,0,1,50,0,0,00:00:00,0,0.0,0,0,A2,6º ano
aluno511,ykmtn,0,0,1,50,0,0,00:00:00,0,0.0,0,0,A1,6º ano
aluno512,fsqaw,0,0,1,50,0,0,00:00:00,0,0.0,0,0,A1,8º ano
aluno513,7rxlj,0,0,1,50,0,0,00:00:00,0,0.0,0,0,A1,8º ano
aluno514,4uz8p,1,0,0,50,0,0,00:00:00,1,1.0,0,0,A1,6º ano
aluno515,kk7y6,0,0,1,50,0,0,00:00:00,0,0.0,0,0,A1,6º ano
aluno516,eyturma6,2,0,0,50,0,0,00:00:00,2,0.5,0,0,A1,6º ano
aluno517,_ny-b2c_default,2,0,0,50,0,0,00:00:00,1,1.0,0,0,A1,6º ano
aluno518,_olympics_default,0,0,1,50,0,0,00:00:00,0,0.0,0,0,A1,6º ano
aluno519,ccloi,0,0,1,50,0,0,00:00:00,0,0.0,0,0,A1,6º ano
aluno520,eyturma6,1,0,0,50,0,0,00:00:00,1,0.57,0,0,A1,6º ano
aluno521,ej96x,0,0,1,50,0,0,00:00:00,0,0.0,0,0,A2,8º ano
aluno522,zl74u,0,0,1,50,0,0,00:00:00,0,0.0,0,0,A1,9º ano
aluno523,7rxlj,0,0,1,50,0,0,00:00:00,0,0.0,0,0,A0,8º ano
aluno524,ymbb7,2,0,0,50,0,0,00:00:00,1,1.0,0,0,A0,9º ano
aluno525,leqxt,0,0,1,50,0,0,00:00:00,0,0.0,0,0,A1,Ensino Médio
aluno526,_ny-b2c_default,1,0,0,50,0,0,00:00:00,1,1.0,0,0,A1,6º ano
aluno527,fsqaw,0,0,1,50,0,0,00:00:00,0,0.0,0,0,A1,8º ano
aluno528,ajzjo,0,0,1,50,0,0,00:00:00,0,0.0,0,0,A1,6º ano
aluno529,l7z19,0,0,1,50,0,0,00:00:00,0,0.0,0,0,B1,6º ano
aluno530,ccloi,0,0,1,50,0,0,00:00:00,0,0.0,0,0,A1,6º ano
aluno531,ajzjo,0,0,1,50,0,0,00:00:00,0,0.0,0,0,B1,6º ano
aluno532,_ny-b2c_default,2,0,0,50,0,0,00:00:00,1,1.0,0,0,A1,6º ano
aluno533,_ny-b2c_default,2,0,0,50,0,0,00:00:00,1,1.0,0,0,A1,6º ano
aluno534,2lgkb,2,0,0,50,0,0,00:00:00,1,1.0,0,0,A1,6º ano
aluno535,2lgkb,2,0,0,50,0,0,00:00:00,1,1.0,0,0,A1,6º ano
aluno536,eyturma6,3,0,0,50,0,0,00:00:00,3,0.2,0,0,A1,6º ano
aluno537,5u3zk,0,0,1,50,0,0,00:00:00,0,0.0,0,0,A0,7º ano
aluno538,_ny-b2c_default,2,0,0,50,0,0,00:00:00,1,1.0,0,0,A1,6º ano
aluno539,kk7y6,0,0,1,50,0,0,00:00:00,0,0.0,0,0,A2,6º ano
aluno540,_ny-b2c_default,2,0,0,50,0,0,00:00:00,1,1.0,0,0,A1,6º ano
aluno541,w9rqu,0,0,1,50,0,0,00:00:00,0,0.0,0,0,B1,6º ano
aluno542,ajzjo,0,0,1,50,0,0,00:00:00,0,0.0,0,0,A1,6º ano
aluno543,_ny-b2c_default,1,0,0,50,0,0,00:00:00,1,1.0,0,0,A1,6º ano
aluno544,w9rqu,0,0,1,50,0,0,00:00:00,0,0.0,0,0,A1,6º ano
aluno545,ccloi,0,0,1,50,0,0,00:00:00,0,0.0,0,0,B1,6º ano
aluno546,ajzjo,0,0,1,50,0,0,00:00:00,0,0.0,0,0,A1,6º ano
aluno547,_olympics_default,0,0,1,50,0,0,00:00:00,0,0.0,0,0,A1,6º ano
aluno548,kk7y6,0,0,1,50,0,0,00:00:00,0,0.0,0,0,A1,6º ano
aluno549,eyturma4,3,0,0,49,0,0,00:00:00,3,0.33,0,0,A1,6º ano
aluno550,l1der,0,0,2,48,0,0,00:00:00,0,0.0,0,0,A1,8º ano
aluno551,eyturma6,4,0,0,48,0,0,00:00:00,4,0.19,0,0,A1,6º ano
aluno552,eyturma6,3,0,0,47,0,0,00:00:00,3,0.31,0,0,A1,6º ano
aluno553,eyturma2,3,0,0,47,0,0,00:00:00,3,0.31,0,0,A1,6º ano
aluno554,5torl,0,0,3,46,0,0,00:00:00,0,0.0,0,0,A2,Ensino Médio
aluno555,eyturma1,4,0,0,45,0,0,00:00:00,4,0.22,0,0,A1,6º ano
aluno556,d349v,0,0,2,45,0,0,00:00:00,0,0.0,0,0,A1,7º ano
aluno557,2ziol,2,0,0,45,0,0,00:00:00,2,0.45,0,0,A1,8º ano
aluno558,eyturma6,3,0,0,44,0,0,00:00:00,3,0.29,0,0,A1,6º ano
aluno559,olympicstest1,1,0,0,44,0,0,00:00:00,1,0.88,0,0,A2,6º ano
aluno560,oany5,1,0,0,44,0,0,00:00:00,1,0.88,0,0,A2,9º ano
aluno561,zl74u,3,0,0,44,0,0,00:00:00,3,0.17,2,0,A0,9º ano
aluno562,eyturma5,3,0,0,44,0,0,00:00:00,3,0.29,0,0,A1,6º ano
aluno563,oiqy9,1,0,0,43,0,0,00:00:00,1,0.86,0,0,A1,9º ano
aluno564,olympicstest1,1,0,0,43,0,0,00:00:00,1,0.67,1,0,A2,6º ano
aluno565,ebac_turma2,9,0,0,43,0,0,00:00:00,3,0.15,0,0,A1,6º ano
aluno566,eyturma6,4,0,0,43,0,0,00:00:00,4,0.21,0,0,A1,6º ano
aluno567,eyturma5,1,0,0,42,0,0,00:00:00,1,0.83,0,0,A1,6º ano
aluno568,_ny0606_default,1,0,0,42,0,0,00:00:00,1,0.83,0,0,A1,6º ano
aluno569,aslae,0,0,2,42,0,0,00:00:00,0,0.0,0,0,A1,7º ano
aluno570,loprm,1,0,0,42,0,0,00:00:00,1,0.83,0,0,A1,9º ano
aluno571,ouhzt,1,0,0,42,0,0,00:00:00,1,0.83,0,0,A0,6º ano
aluno572,eyturma5,1,0,0,42,0,0,00:00:00,1,0.83,0,0,A1,6º ano
aluno573,aslae,0,0,2,42,0,0,00:00:00,0,0.0,0,0,A1,7º ano
aluno574,eyturma6,2,0,0,41,0,0,00:00:00,2,0.08,0,0,A1,6º ano
aluno575,tcourse01,3,0,0,41,0,0,00:00:00,1,0.17,0,0,A1,6º ano
aluno576,cfcm61,4,0,0,40,0,0,00:00:00,3,0.27,0,0,A1,6º ano
aluno577,eyturma6,2,0,0,40,0,0,00:00:00,2,0.4,0,0,A1,6º ano
aluno578,4thqd,0,0,3,40,0,0,00:00:00,0,0.0,0,0,A1,8º ano
aluno579,eyturma6,4,0,0,39,0,0,00:00:00,4,0.19,0,0,A1,6º ano
aluno580,eyturma6,3,0,0,38,0,0,00:00:00,3,0.26,0,0,A1,6º ano
aluno581,copateacher1,2,0,0,38,0,0,00:00:00,1,0.75,0,0,A1,6º ano
aluno582,dzgln,1,0,0,38,0,0,00:00:00,1,0.75,0,0,A0,7º ano
aluno583,_ny-b2c_default,4,0,0,38,0,0,00:00:00,1,0.75,0,0,A1,6º ano
aluno584,_ny-b2c_default,2,0,0,38,0,0,00:00:00,1,0.75,0,0,A1,6º ano
aluno585,_ny-b2c_default,1,0,0,38,0,0,00:00:00,1,0.75,0,0,A1,6º ano
aluno586,_ny-b2c_default,1,0,0,38,0,0,00:00:00,1,0.75,0,0,A1,6º ano
aluno587,eyturma5,3,0,0,38,0,0,00:00:00,3,0.26,0,0,A1,6º ano
aluno588,_ny-b2c_default,2,0,0,38,0,0,00:00:00,1,0.75,0,0,A1,6º ano
aluno589,_ny-b2c_default,2,0,0,38,0,0,00:00:00,1,0.75,0,0,A1,6º ano
aluno590,2lgkb,2,0,0,38,0,0,00:00:00,1,0.75,0,0,A1,6º ano
aluno591,eyturma6,2,0,0,37,0,0,00:00:00,2,0.37,0,0,A1,6º ano
aluno592,eyturma6,4,0,0,37,0,0,00:00:00,4,0.18,0,0,A1,6º ano
aluno593,p6uai,1,0,0,36,0,0,00:00:00,1,0.71,0,0,A1,Ensino Médio
aluno594,eyturma5,1,0,0,36,0,0,00:00:00,1,0.71,0,0,A1,6º ano
aluno595,eyturma5,2,0,0,36,0,0,00:00:00,2,0.36,0,0,A1,6º ano
aluno596,eyturma6,3,0,0,35,0,0,00:00:00,3,0.23,0,0,A1,6º ano
aluno597,olympicstest1,1,0,0,33,0,0,00:00:00,1,0.67,0,0,A1,6º ano
aluno598,rwrxz,0,0,1,33,0,0,00:00:00,0,0.0,0,0,A1,6º ano
aluno599,udlfi,1,0,0,33,0,0,00:00:00,1,0.67,0,0,A1,6º ano
aluno600,5u3zk,1,0,0,33,0,0,00:00:00,1,0.67,0,0,A0,7º ano
aluno601,qdqvo,1,0,0,33,0,0,00:00:00,1,0.67,0,0,A1,6º ano
aluno602,udlfi,1,0,0,33,0,0,00:00:00,1,0.67,0,0,A1,6º ano
aluno603,eyturma6,1,0,0,33,0,0,00:00:00,1,0.67,0,0,A1,6º ano
aluno604,eyturma6,1,0,0,33,0,0,00:00:00,1,0.67,0,0,A1,6º ano
aluno605,stc26,1,0,0,33,0,0,00:00:00,1,0.67,0,0,A0,6º ano
aluno606,f7qd4,0,0,1,31,0,0,00:00:00,0,0.0,0,0,A1,8º ano
aluno607,eyturma5,2,0,0,30,0,0,00:00:00,2,0.3,0,0,A1,6º ano
aluno608,tcourse01,4,0,0,30,0,0,00:00:00,1,0.6,0,0,A1,6º ano
aluno609,eyturma6,2,0,0,30,0,0,00:00:00,2,0.3,0,0,A1,6º ano
aluno610,eyturma6,1,0,0,30,0,0,00:00:00,1,0.4,0,0,A1,6º ano
aluno611,eyturma6,2,0,0,30,0,0,00:00:00,2,0.3,0,0,A1,6º ano
aluno612,eyturma5,1,0,0,30,0,0,00:00:00,1,0.6,0,0,A1,6º ano
aluno613,zl74u,1,0,0,30,0,0,00:00:00,1,0.6,0,0,A2,9º ano
aluno614,cfcm81,2,0,0,30,0,0,00:00:00,2,0.3,0,0,A1,6º ano
aluno615,1244x,0,0,1,30,0,0,00:00:00,0,0.0,0,0,A1,9º ano
aluno616,1244x,0,0,1,30,0,0,00:00:00,0,0.0,0,0,A1,9º ano
aluno617,eyturma5,1,0,0,29,0,0,00:00:00,1,0.57,0,0,A1,6º ano
aluno618,eyturma5,5,0,0,28,0,0,00:00:00,5,0.11,0,0,A1,6º ano
aluno619,eyturma6,4,0,0,28,0,0,00:00:00,4,0.14,0,0,A1,6º ano
aluno620,eyturma6,2,0,0,27,0,0,00:00:00,2,0.27,0,0,A1,6º ano
aluno621,_ny-b2c_default,1,0,0,25,0,0,00:00:00,1,0.5,0,0,A1,6º ano
aluno622,eyturma5,1,0,0,25,0,0,00:00:00,1,0.5,0,0,A1,6º ano
aluno623,eyturma5,1,0,0,25,0,0,00:00:00,1,0.5,0,0,A1,6º ano
aluno624,eyturma5,1,0,0,25,0,0,00:00:00,1,0.5,0,0,A1,6º ano
aluno625,eyturma1,1,0,0,25,0,0,00:00:00,1,0.5,0,0,A1,6º ano
aluno626,_ny-b2c_default,1,0,0,25,0,0,00:00:00,1,0.5,0,0,A1,6º ano
aluno627,5torl,0,0,1,25,0,0,00:00:00,0,0.0,0,0,A1,Ensino Médio
aluno628,eyturma1,1,0,0,25,0,0,00:00:00,1,0.5,0,0,A1,6º ano
aluno629,eyturma6,1,0,0,25,0,0,00:00:00,1,0.33,0,0,A1,6º ano
aluno630,_ny-b2c_default,2,0,0,25,0,0,00:00:00,1,0.5,0,0,A1,6º ano
aluno631,eyturma5,1,0,0,25,0,0,00:00:00,1,0.5,0,0,A1,6º ano
aluno632,eyturma5,1,0,0,25,0,0,00:00:00,1,0.5,0,0,A1,6º ano
aluno633,_ny-b2c_default,2,0,0,25,0,0,00:00:00,1,0.5,0,0,A1,6º ano
aluno634,_copa,2,0,0,25,0,0,00:00:00,1,0.5,0,0,A1,6º ano
aluno635,_ny-b2c_default,2,0,0,25,0,0,00:00:00,1,0.5,0,0,A1,6º ano
aluno636,eyturma6,1,0,0,25,0,0,00:00:00,1,0.5,0,0,A1,6º ano
aluno637,_ny0606_default,1,0,0,25,0,0,00:00:00,1,0.5,0,0,A1,6º ano
aluno638,5torl,0,0,3,25,0,0,00:00:00,0,0.0,0,0,B1,Ensino Médio
aluno639,_ny0606_default,1,0,0,25,0,0,00:00:00,1,0.5,0,0,A1,6º ano
aluno640,eyturma6,1,0,0,20,0,0,00:00:00,1,0.4,0,0,A1,6º ano
aluno641,eyturma6,2,0,0,20,0,0,00:00:00,2,0.2,0,0,A1,6º ano
aluno642,eyturma6,1,0,0,20,0,0,00:00:00,1,0.4,0,0,A1,6º ano
aluno643,ebac_turma1,4,0,0,20,0,0,00:00:00,1,0.4,0,0,A1,6º ano
aluno644,eyturma5,2,0,0,20,0,0,00:00:00,2,0.2,0,0,A1,6º ano
aluno645,ebac_turma2,4,0,0,20,0,0,00:00:00,1,0.4,0,0,A1,6º ano
aluno646,eyturma6,2,0,0,20,0,0,00:00:00,2,0.2,0,0,A1,6º ano
aluno647,eyturma6,1,0,0,20,0,0,00:00:00,1,0.4,0,0,A1,6º ano
aluno648,eyturma6,2,0,0,20,0,0,00:00:00,2,0.2,0,0,A1,6º ano
aluno649,eyturma4,1,0,0,20,0,0,00:00:00,1,0.4,0,0,A1,6º ano
aluno650,eyturma6,1,0,0,20,0,0,00:00:00,1,0.4,0,0,A1,6º ano
aluno651,ebac_turma2,2,0,0,20,0,0,00:00:00,1,0.4,0,0,A1,6º ano
aluno652,eyturma6,1,0,0,20,0,0,00:00:00,1,0.4,0,0,A1,6º ano
aluno653,ebac_turma2,3,0,0,20,0,0,00:00:00,1,0.4,0,0,A1,6º ano
aluno654,5torl,0,0,1,19,0,0,00:00:00,0,0.0,0,0,A1,Ensino Médio
aluno655,5torl,0,0,1,19,0,0,00:00:00,0,0.0,0,0,A2,Ensino Médio
aluno656,eyturma6,3,0,0,18,0,0,00:00:00,3,0.12,0,0,A1,6º ano
aluno657,eyturma6,2,0,0,18,0,0,00:00:00,2,0.18,0,0,A1,6º ano
aluno658,eyturma6,1,0,0,17,0,0,00:00:00,1,0.33,0,0,A1,6º ano
aluno659,eyturma5,1,0,0,17,0,0,00:00:00,1,0.33,0,0,A1,6º ano
aluno660,eyturma6,1,0,0,17,0,0,00:00:00,1,0.33,0,0,A1,6º ano
aluno661,eyturma6,1,0,0,17,0,0,00:00:00,1,0.33,0,0,A1,6º ano
aluno662,ouhzt,1,0,0,17,0,0,00:00:00,1,0.33,0,0,A0,6º ano
aluno663,eyturma5,1,0,0,17,0,0,00:00:00,1,0.33,0,0,A1,6º ano
aluno664,_ny0606_default,2,0,0,17,0,0,00:00:00,2,0.17,0,0,A1,6º ano
aluno665,5torl,0,0,2,17,0,0,00:00:00,0,0.0,0,0,A1,Ensino Médio
aluno666,tcourse01,4,0,0,17,0,0,00:00:00,1,0.33,0,0,A1,6º ano
aluno667,eyturma1,1,0,0,17,0,0,00:00:00,1,0.33,0,0,A1,6º ano
aluno668,eyturma6,1,0,0,17,0,0,00:00:00,1,0.33,0,0,A1,6º ano
aluno669,eyturma6,1,0,0,17,0,0,00:00:00,1,0.33,0,0,A1,6º ano
aluno670,eyturma6,1,0,0,17,0,0,00:00:00,1,0.33,0,0,A1,6º ano
aluno671,eyturma5,1,0,0,17,0,0,00:00:00,1,0.33,0,0,A1,6º ano
aluno672,5torl,0,0,3,17,0,0,00:00:00,0,0.0,0,0,A2,Ensino Médio
aluno673,6zlj2,0,0,2,16,0,0,00:00:00,0,0.0,0,0,A0,8º ano
aluno674,eyturma6,2,0,0,13,0,0,00:00:00,2,0.13,0,0,A1,6º ano
aluno675,udlfi,1,0,0,13,0,0,00:00:00,1,0.25,0,0,A2,6º ano
aluno676,_ny-b2c_default,1,0,0,13,0,0,00:00:00,1,0.25,0,0,A1,6º ano
aluno677,eyturma5,1,0,0,13,0,0,00:00:00,1,0.25,0,0,A1,6º ano
aluno678,eyturma6,2,0,0,13,0,0,00:00:00,2,0.13,0,0,A1,6º ano
aluno679,_ny-b2c_default,2,0,0,13,0,0,00:00:00,1,0.25,0,0,A1,6º ano
aluno680,eyturma6,1,0,0,13,0,0,00:00:00,1,0.25,0,0,A1,6º ano
aluno681,eyturma6,1,0,0,13,0,0,00:00:00,1,0.25,0,0,A1,6º ano
aluno682,_copa,1,0,0,13,0,0,00:00:00,1,0.25,0,0,A1,6º ano
aluno683,dmr3g,0,0,1,13,0,0,00:00:00,0,0.0,0,0,A1,8º ano
aluno684,_ny0606_default,0,0,0,10,0,0,00:00:00,0,0.0,1,0,A1,6º ano
aluno685,1ecn2,1,0,0,10,0,0,00:00:00,1,0.2,0,0,A1,8º ano
aluno686,masterteche4eah,3,0,0,10,0,0,00:00:00,1,0.2,0,0,A1,6º ano
aluno687,eyturma6,1,0,0,10,0,0,00:00:00,1,0.2,0,0,A1,6º ano
aluno688,eyturma5,1,0,0,10,0,0,00:00:00,1,0.2,0,0,A1,6º ano
aluno689,eyturma6,1,0,0,10,0,0,00:00:00,1,0.2,0,0,A1,6º ano
aluno690,eyturma6,1,0,0,10,0,0,00:00:00,1,0.2,0,0,A1,6º ano
aluno691,ebac_turma1,2,0,0,10,0,0,00:00:00,1,0.2,0,0,A1,6º ano
aluno692,2ziol,0,0,0,10,0,0,00:00:00,0,0.0,1,0,A1,8º ano
aluno693,eyturma5,2,0,0,10,0,0,00:00:00,2,0.1,0,0,A1,6º ano
aluno694,eyturma6,1,0,0,10,0,0,00:00:00,1,0.2,0,0,A1,6º ano
aluno695,eyturma6,2,0,0,10,0,0,00:00:00,2,0.1,0,0,A1,6º ano
aluno696,eyturma6,1,0,0,10,0,0,00:00:00,1,0.2,0,0,A1,6º ano
aluno697,eyturma6,1,0,0,10,0,0,00:00:00,1,0.2,0,0,A1,6º ano
aluno698,eyturma5,1,0,0,10,0,0,00:00:00,1,0.2,0,0,A1,6º ano
aluno699,eyturma6,2,0,0,10,0,0,00:00:00,2,0.1,0,0,A1,6º ano
aluno700,ebac_turma2,2,0,0,10,0,0,00:00:00,1,0.2,0,0,A1,6º ano
aluno701,_ny0606_default,0,0,0,10,0,0,00:00:00,0,0.0,1,0,A1,6º ano
aluno702,33xi9,0,0,0,10,0,0,00:00:00,0,0.0,1,0,A1,6º ano
aluno703,eyturma6,1,0,0,10,0,0,00:00:00,1,0.2,0,0,A1,6º ano
aluno704,eyturma6,2,0,0,10,0,0,00:00:00,2,0.1,0,0,A1,6º ano
aluno705,eyturma6,1,0,0,10,0,0,00:00:00,1,0.2,0,0,A1,6º ano
aluno706,gqzpi,0,0,10,8,0,0,00:00:00,0,0.0,0,0,A1,8º ano
aluno707,5torl,0,0,3,8,0,0,00:00:00,0,0.0,0,0,A0,Ensino Médio
aluno708,eyturma6,1,0,0,8,0,0,00:00:00,1,0.17,0,0,A1,6º ano
aluno709,eyturma1,1,0,0,8,0,0,00:00:00,1,0.17,0,0,A1,6º ano
aluno710,eyturma6,1,0,0,8,0,0,00:00:00,1,0.17,0,0,A1,6º ano
aluno711,eyturma6,1,0,0,8,0,0,00:00:00,1,0.17,0,0,A1,6º ano
aluno712,eyturma5,1,0,0,8,0,0,00:00:00,1,0.17,0,0,A1,6º ano
aluno713,eyturma6,2,0,0,8,0,0,00:00:00,2,0.08,0,0,A1,6º ano
aluno714,5torl,0,0,3,8,0,0,00:00:00,0,0.0,0,0,A0,Ensino Médio
aluno715,eyturma6,1,0,0,8,0,0,00:00:00,1,0.17,0,0,A1,6º ano
aluno716,eyturma6,1,0,0,8,0,0,00:00:00,1,0.17,0,0,A1,6º ano
aluno717,eyturma6,1,0,0,8,0,0,00:00:00,1,0.17,0,0,A1,6º ano
aluno718,eyturma6,1,0,0,8,0,0,00:00:00,1,0.17,0,0,A1,6º ano
aluno719,eyturma6,1,0,0,8,0,0,00:00:00,1,0.17,0,0,A1,6º ano
aluno720,eyturma6,1,0,0,7,0,0,00:00:00,1,0.14,0,0,A1,6º ano
aluno721,6ve7m,1,0,0,6,0,0,00:00:00,1,0.13,0,0,A0,9º ano
aluno722,eytrial123,0,0,0,0,0,0,00:00:00,0,0.0,0,0,A1,6º ano
aluno723,eytrial6,0,0,0,0,0,0,00:00:00,0,0.0,0,0,A1,6º ano
aluno724,_ny-b2c_default,0,0,0,0,0,0,00:00:00,0,0.0,0,0,A1,6º ano
aluno725,eytrial6,0,0,0,0,0,0,00:00:00,0,0.0,0,0,A1,6º ano
aluno726,eyturma5,0,0,0,0,0,0,00:00:00,0,0.0,0,0,A1,6º ano
aluno727,eytrial6,0,0,0,0,0,0,00:00:00,0,0.0,0,0,A1,6º ano
aluno728,eytrial6,0,0,0,0,0,0,00:00:00,0,0.0,0,0,A1,6º ano
aluno729,eytrial123,0,0,0,0,0,0,00:00:00,0,0.0,0,0,A1,6º ano
aluno730,eytrial6,0,0,0,0,0,0,00:00:00,0,0.0,0,0,A1,6º ano
aluno731,cfcm61,0,0,0,0,0,0,00:00:00,0,0.0,0,0,A1,6º ano
aluno732,mastertech01_l2,0,0,0,0,0,0,00:00:00,0,0.0,0,0,A1,6º ano
aluno733,eytrial6,0,0,0,0,0,0,00:00:00,0,0.0,0,0,A1,6º ano
aluno734,cfcm61,0,0,0,0,0,0,00:00:00,0,0.0,0,0,A1,6º ano
aluno735,eytrial6,0,0,0,0,0,0,00:00:00,0,0.0,0,0,A1,6º ano
aluno736,eytrial6,0,0,0,0,0,0,00:00:00,0,0.0,0,0,A1,6º ano
aluno737,eytrial6,0,0,0,0,0,0,00:00:00,0,0.0,0,0,A1,6º ano
aluno738,eytrial6,0,0,0,0,0,0,00:00:00,0,0.0,0,0,A1,6º ano
aluno739,cfcm71,0,0,0,0,0,0,00:00:00,0,0.0,0,0,A1,6º ano
aluno740,eytrial6,0,0,0,0,0,0,00:00:00,0,0.0,0,0,A1,6º ano
aluno741,eytrial6,0,0,0,0,0,0,00:00:00,0,0.0,0,0,A1,6º ano
aluno742,_copa,0,0,0,0,0,0,00:00:00,0,0.0,0,0,A1,6º ano
aluno743,_default,0,0,0,0,0,0,00:00:00,0,0.0,0,0,A1,6º ano
aluno744,eytrial6,0,0,0,0,0,0,00:00:00,0,0.0,0,0,A1,6º ano
aluno745,eytrial6,0,0,0,0,0,0,00:00:00,0,0.0,0,0,A1,6º ano
aluno746,eytrial6,0,0,0,0,0,0,00:00:00,0,0.0,0,0,A1,6º ano
aluno747,mastertech01_l1,0,0,0,0,0,0,00:00:00,0,0.0,0,0,A1,6º ano
aluno748,eytrial123,0,0,0,0,0,0,00:00:00,0,0.0,0,0,A1,6º ano
aluno749,eytrial6,0,0,0,0,0,0,00:00:00,0,0.0,0,0,A1,6º ano
aluno750,eytrial123,0,0,0,0,0,0,00:00:00,0,0.0,0,0,A1,6º ano
aluno751,eytrial6,0,0,0,0,0,0,00:00:00,0,0.0,0,0,A1,6º ano
aluno752,eytrial6,0,0,0,0,0,0,00:00:00,0,0.0,0,0,A1,6º ano
aluno753,eytrial6,0,0,0,0,0,0,00:00:00,0,0.0,0,0,A1,6º ano
aluno754,eytrial6,0,0,0,0,0,0,00:00:00,0,0.0,0,0,A1,6º ano
aluno755,eytrial4,0,0,0,0,0,0,00:00:00,0,0.0,0,0,A1,6º ano
aluno756,eytrial6,0,0,0,0,0,0,00:00:00,0,0.0,0,0,A1,6º ano
aluno757,eytrial6,0,0,0,0,0,0,00:00:00,0,0.0,0,0,A1,6º ano
aluno758,eytrial6,0,0,0,0,0,0,00:00:00,0,0.0,0,0,A1,6º ano
aluno759,delphos91,0,0,0,0,0,0,00:00:00,0,0.0,0,0,A1,6º ano
aluno760,mastertech01_l2,0,0,0,0,0,0,00:00:00,0,0.0,0,0,A1,6º ano
aluno761,mastertech01_l1,0,0,0,0,0,0,00:00:00,0,0.0,0,0,A1,6º ano
aluno762,eytrial6,0,0,0,0,0,0,00:00:00,0,0.0,0,0,A1,6º ano
aluno763,_ny-b2c_default,0,0,0,0,0,0,00:00:00,0,0.0,0,0,A1,6º ano
aluno764,eytrial6,0,0,0,0,0,0,00:00:00,0,0.0,0,0,A1,6º ano
aluno765,fz81q,0,0,0,0,0,0,00:00:00,0,0.0,0,0,A1,6º ano
aluno766,eytrial6,0,0,0,0,0,0,00:00:00,0,0.0,0,0,A1,6º ano
aluno767,eyturma5,0,0,0,0,0,0,00:00:00,0,0.0,0,0,A1,6º ano
aluno768,eytrial6,0,0,0,0,0,0,00:00:00,0,0.0,0,0,A1,6º ano
aluno769,eytrial6,0,0,0,0,0,0,00:00:00,0,0.0,0,0,A1,6º ano
aluno770,eyturma5,0,0,0,0,0,0,00:00:00,0,0.0,0,0,A1,6º ano
aluno771,eytrial6,0,0,0,0,0,0,00:00:00,0,0.0,0,0,A1,6º ano
aluno772,eytrial6,0,0,0,0,0,0,00:00:00,0,0.0,0,0,A1,6º ano
aluno773,_copa,0,0,0,0,0,0,00:00:00,0,0.0,0,0,A1,6º ano
aluno774,_copa,0,0,0,0,0,0,00:00:00,0,0.0,0,0,A1,6º ano
aluno775,eytrial6,0,0,0,0,0,0,00:00:00,0,0.0,0,0,A1,6º ano
aluno776,eyturma5,0,0,0,0,0,0,00:00:00,0,0.0,0,0,A1,6º ano
aluno777,eytrial6,0,0,0,0,0,0,00:00:00,0,0.0,0,0,A1,6º ano
aluno778,eytrial6,0,0,0,0,0,0,00:00:00,0,0.0,0,0,A1,6º ano
aluno779,eytrial6,0,0,0,0,0,0,00:00:00,0,0.0,0,0,A1,6º ano
aluno780,testey1,0,0,0,0,0,0,00:00:00,0,0.0,0,0,A1,6º ano
aluno781,eyturma5,0,0,0,0,0,0,00:00:00,0,0.0,0,0,A1,6º ano
aluno782,_olympics_default,0,0,0,0,0,0,00:00:00,0,0.0,0,0,A0,6º ano
aluno783,eytrial6,0,0,0,0,0,0,00:00:00,0,0.0,0,0,A1,6º ano
aluno784,eytrial6,0,0,0,0,0,0,00:00:00,0,0.0,0,0,A1,6º ano
aluno785,xdemo,0,0,0,0,0,0,00:00:00,0,0.0,0,0,A1,6º ano
aluno786,eytrial6,0,0,0,0,0,0,00:00:00,0,0.0,0,0,A1,6º ano
aluno787,eytrial6,0,0,0,0,0,0,00:00:00,0,0.0,0,0,A1,6º ano
aluno788,eyturma5,0,0,0,0,0,0,00:00:00,0,0.0,0,0,A1,6º ano
aluno789,eytrial6,0,0,0,0,0,0,00:00:00,0,0.0,0,0,A1,6º ano
aluno790,eyturma6,0,0,0,0,0,0,00:00:00,0,0.0,0,0,A1,6º ano
aluno791,cfcm67,0,0,0,0,0,0,00:00:00,0,0.0,0,0,A1,6º ano
aluno792,eytrial6,0,0,0,0,0,0,00:00:00,0,0.0,0,0,A1,6º ano
aluno793,gen7,0,0,0,0,0,0,00:00:00,0,0.0,0,0,A1,6º ano
aluno794,eytrial6,0,0,0,0,0,0,00:00:00,0,0.0,0,0,A1,6º ano
aluno795,csa1cd,0,0,0,0,0,0,00:00:00,0,0.0,0,0,A1,6º ano
aluno796,eytrial6,0,0,0,0,0,0,00:00:00,0,0.0,0,0,A1,6º ano
aluno797,eyturma5,0,0,0,0,0,0,00:00:00,0,0.0,0,0,A1,6º ano
aluno798,cfcm88,0,0,0,0,0,0,00:00:00,0,0.0,0,0,A1,6º ano
aluno799,eyturma6,0,0,0,0,0,0,00:00:00,0,0.0,0,0,A1,6º ano
aluno800,eytrial6,0,0,0,0,0,0,00:00:00,0,0.0,0,0,A1,6º ano
aluno801,eytrial6,0,0,0,0,0,0,00:00:00,0,0.0,0,0,A1,6º ano
aluno802,eyturma5,0,0,0,0,0,0,00:00:00,0,0.0,0,0,A1,6º ano
aluno803,eytrial6,0,0,0,0,0,0,00:00:00,0,0.0,0,0,A1,6º ano
aluno804,eytrial6,0,0,0,0,0,0,00:00:00,0,0.0,0,0,A1,6º ano
aluno805,_ny-b2c_default,0,0,0,0,0,0,00:00:00,0,0.0,0,0,A1,6º ano
aluno806,eytrial6,0,0,0,0,0,0,00:00:00,0,0.0,0,0,A1,6º ano
aluno807,eytrial6,0,0,0,0,0,0,00:00:00,0,0.0,0,0,A1,6º ano
aluno808,eytrial6,0,0,0,0,0,0,00:00:00,0,0.0,0,0,A1,6º ano
aluno809,eyturma5,0,0,0,0,0,0,00:00:00,0,0.0,0,0,A1,6º ano
aluno810,eytrial6,0,0,0,0,0,0,00:00:00,0,0.0,0,0,A1,6º ano
aluno811,eytrial6,0,0,0,0,0,0,00:00:00,0,0.0,0,0,A1,6º ano
aluno812,eyturma5,0,0,0,0,0,0,00:00:00,0,0.0,0,0,A1,6º ano
aluno813,cfcm81,0,0,0,0,0,0,00:00:00,0,0.0,0,0,A1,6º ano
aluno814,eyturma6,0,0,0,0,0,0,00:00:00,0,0.0,0,0,A1,6º ano
aluno815,eytrial6,0,0,0,0,0,0,00:00:00,0,0.0,0,0,A1,6º ano
aluno816,eyturma6,1,0,0,0,0,0,00:00:00,1,0.0,0,0,A1,6º ano
aluno817,eytrial6,0,0,0,0,0,0,00:00:00,0,0.0,0,0,A1,6º ano
aluno818,eytrial6,0,0,0,0,0,0,00:00:00,0,0.0,0,0,A1,6º ano
aluno819,eytrial6,0,0,0,0,0,0,00:00:00,0,0.0,0,0,A1,6º ano
aluno820,eytrial6,0,0,0,0,0,0,00:00:00,0,0.0,0,0,A1,6º ano
aluno821,eytrial6,0,0,0,0,0,0,00:00:00,0,0.0,0,0,A1,6º ano
aluno822,ipa19am,0,0,0,0,0,0,00:00:00,0,0.0,0,0,A1,6º ano
aluno823,eytrial6,0,0,0,0,0,0,00:00:00,0,0.0,0,0,A1,6º ano
aluno824,eytrial6,0,0,0,0,0,0,00:00:00,0,0.0,0,0,A1,6º ano
aluno825,eyturma5,0,0,0,0,0,0,00:00:00,0,0.0,0,0,A1,6º ano
aluno826,eytrial6,0,0,0,0,0,0,00:00:00,0,0.0,0,0,A1,6º ano
aluno827,_default,0,0,0,0,0,0,00:00:00,0,0.0,0,0,A1,6º ano
aluno828,eytrial6,0,0,0,0,0,0,00:00:00,0,0.0,0,0,A1,6º ano
aluno829,eytrial6,0,0,0,0,0,0,00:00:00,0,0.0,0,0,A1,6º ano
aluno830,eyturma6,0,0,0,0,0,0,00:00:00,0,0.0,0,0,A1,6º ano
aluno831,eytrial6,0,0,0,0,0,0,00:00:00,0,0.0,0,0,A1,6º ano
aluno832,eytrial6,0,0,0,0,0,0,00:00:00,0,0.0,0,0,A1,6º ano
aluno833,eytrial6,0,0,0,0,0,0,00:00:00,0,0.0,0,0,A1,6º ano
aluno834,eytrial123,0,0,0,0,0,0,00:00:00,0,0.0,0,0,A1,6º ano
aluno835,eyturma5,0,0,0,0,0,0,00:00:00,0,0.0,0,0,A1,6º ano
aluno836,eytrial6,0,0,0,0,0,0,00:00:00,0,0.0,0,0,A1,6º ano
aluno837,eytrial6,0,0,0,0,0,0,00:00:00,0,0.0,0,0,A1,6º ano
aluno838,eytrial6,0,0,0,0,0,0,00:00:00,0,0.0,0,0,A1,6º ano
aluno839,eytrial6,0,0,0,0,0,0,00:00:00,0,0.0,0,0,A1,6º ano
aluno840,eytrial6,0,0,0,0,0,0,00:00:00,0,0.0,0,0,A1,6º ano
aluno841,eytrial6,0,0,0,0,0,0,00:00:00,0,0.0,0,0,A1,6º ano
aluno842,eyturma6,0,0,0,0,0,0,00:00:00,0,0.0,0,0,A1,6º ano
aluno843,_olympics_default,0,0,0,0,0,0,00:00:00,0,0.0,0,0,A1,6º ano
aluno844,eyturma5,0,0,0,0,0,0,00:00:00,0,0.0,0,0,A1,6º ano
aluno845,_ny-b2c_default,0,0,0,0,0,0,00:00:00,0,0.0,0,0,A1,6º ano
aluno846,_ny0606_default,0,0,0,0,0,0,00:00:00,0,0.0,0,0,A1,6º ano
aluno847,eytrial6,0,0,0,0,0,0,00:00:00,0,0.0,0,0,A1,6º ano
aluno848,eytrial6,0,0,0,0,0,0,00:00:00,0,0.0,0,0,A1,6º ano
aluno849,eytrial6,0,0,0,0,0,0,00:00:00,0,0.0,0,0,A1,6º ano
aluno850,eytrial6,0,0,0,0,0,0,00:00:00,0,0.0,0,0,A1,6º ano
aluno851,bar19am,0,0,0,0,0,0,00:00:00,0,0.0,0,0,A1,6º ano
aluno852,eyturma6,0,0,0,0,0,0,00:00:00,0,0.0,0,0,A1,6º ano
aluno853,eytrial6,0,0,0,0,0,0,00:00:00,0,0.0,0,0,A1,6º ano
aluno854,edify01,0,0,0,0,0,0,00:00:00,0,0.0,0,0,A1,6º ano
aluno855,mastertech01_l1,0,0,0,0,0,0,00:00:00,0,0.0,0,0,A1,6º ano
aluno856,eytrial6,0,0,0,0,0,0,00:00:00,0,0.0,0,0,A1,6º ano
aluno857,anch7c,0,0,0,0,0,0,00:00:00,0,0.0,0,0,A1,6º ano
aluno858,bar19am,0,0,0,0,0,0,00:00:00,0,0.0,0,0,A1,6º ano
aluno859,eytrial6,0,0,0,0,0,0,00:00:00,0,0.0,0,0,A1,6º ano
aluno860,eytrial6,0,0,0,0,0,0,00:00:00,0,0.0,0,0,A1,6º ano
aluno861,eytrial6,0,0,0,0,0,0,00:00:00,0,0.0,0,0,A1,6º ano
aluno862,eyturma5,0,0,0,0,0,0,00:00:00,0,0.0,0,0,A1,6º ano
aluno863,eytrial6,0,0,0,0,0,0,00:00:00,0,0.0,0,0,A1,6º ano
aluno864,eytrial6,0,0,0,0,0,0,00:00:00,0,0.0,0,0,A1,6º ano
aluno865,eytrial6,0,0,0,0,0,0,00:00:00,0,0.0,0,0,A1,6º ano
aluno866,_default,0,0,0,0,0,0,00:00:00,0,0.0,0,0,A1,6º ano
aluno867,eyturma5,0,0,0,0,0,0,00:00:00,0,0.0,0,0,A1,6º ano
aluno868,eyturma6,0,0,0,0,0,0,00:00:00,0,0.0,0,0,A1,6º ano
aluno869,eytrial6,0,0,0,0,0,0,00:00:00,0,0.0,0,0,A1,6º ano
aluno870,tij19am,0,0,0,0,0,0,00:00:00,0,0.0,0,0,A1,6º ano
aluno871,eyturma5,0,0,0,0,0,0,00:00:00,0,0.0,0,0,A1,6º ano
aluno872,eytrial6,0,0,0,0,0,0,00:00:00,0,0.0,0,0,A1,6º ano
aluno873,_copa,0,0,0,0,0,0,00:00:00,0,0.0,0,0,A1,6º ano
aluno874,mastertech01_l2,0,0,0,0,0,0,00:00:00,0,0.0,0,0,A1,6º ano
aluno875,eytrial4,0,0,0,0,0,0,00:00:00,0,0.0,0,0,A1,6º ano
aluno876,tij19bm,0,0,0,0,0,0,00:00:00,0,0.0,0,0,A1,6º ano
aluno877,eyturma5,0,0,0,0,0,0,00:00:00,0,0.0,0,0,A1,6º ano
aluno878,eytrial6,0,0,0,0,0,0,00:00:00,0,0.0,0,0,A1,6º ano
aluno879,eytrial6,0,0,0,0,0,0,00:00:00,0,0.0,0,0,A1,6º ano
aluno880,bot17at,0,0,0,0,0,0,00:00:00,0,0.0,0,0,A1,6º ano
aluno881,eytrial4,0,0,0,0,0,0,00:00:00,0,0.0,0,0,A1,6º ano
aluno882,eytrial6,0,0,0,0,0,0,00:00:00,0,0.0,0,0,A1,6º ano
aluno883,eytrial6,0,0,0,0,0,0,00:00:00,0,0.0,0,0,A1,6º ano
aluno884,eytrial6,0,0,0,0,0,0,00:00:00,0,0.0,0,0,A1,6º ano
aluno885,eytrial6,0,0,0,0,0,0,00:00:00,0,0.0,0,0,A1,6º ano
aluno886,eytrial6,0,0,0,0,0,0,00:00:00,0,0.0,0,0,A1,6º ano
aluno887,eytrial6,0,0,0,0,0,0,00:00:00,0,0.0,0,0,A1,6º ano
aluno888,eytrial6,0,0,0,0,0,0,00:00:00,0,0.0,0,0,A1,6º ano
aluno889,eytrial6,0,0,0,0,0,0,00:00:00,0,0.0,0,0,A1,6º ano
aluno890,eytrial6,0,0,0,0,0,0,00:00:00,0,0.0,0,0,A1,6º ano
aluno891,eytrial6,0,0,0,0,0,0,00:00:00,0,0.0,0,0,A1,6º ano
aluno892,fre17at,0,0,0,0,0,0,00:00:00,0,0.0,0,0,A1,6º ano
aluno893,fre18at,0,0,0,0,0,0,00:00:00,0,0.0,0,0,A1,6º ano
aluno894,eytrial6,0,0,0,0,0,0,00:00:00,0,0.0,0,0,A1,6º ano
aluno895,eytrial6,0,0,0,0,0,0,00:00:00,0,0.0,0,0,A1,6º ano
aluno896,fre17at,0,0,0,0,0,0,00:00:00,0,0.0,0,0,A1,6º ano
aluno897,eytrial6,0,0,0,0,0,0,00:00:00,0,0.0,0,0,A1,6º ano
aluno898,bar17am,0,0,0,0,0,0,00:00:00,0,0.0,0,0,A1,6º ano
aluno899,eytrial6,0,0,0,0,0,0,00:00:00,0,0.0,0,0,A1,6º ano
aluno900,eyturma6,0,0,0,0,0,0,00:00:00,0,0.0,0,0,A1,6º ano
aluno901,eytrial6,0,0,0,0,0,0,00:00:00,0,0.0,0,0,A1,6º ano
aluno902,rec16at,0,0,0,0,0,0,00:00:00,0,0.0,0,0,A1,6º ano
aluno903,eytrial4,0,0,0,0,0,0,00:00:00,0,0.0,0,0,A1,6º ano
aluno904,cfcm1em,0,0,0,0,0,0,00:00:00,0,0.0,0,0,A1,6º ano
aluno905,eyturma5,0,0,0,0,0,0,00:00:00,0,0.0,0,0,A1,6º ano
aluno906,eyturma6,0,0,0,0,0,0,00:00:00,0,0.0,0,0,A1,6º ano
aluno907,cfcm9m,0,0,0,0,0,0,00:00:00,0,0.0,0,0,A1,6º ano
aluno908,colm27,0,0,0,0,0,0,00:00:00,0,0.0,0,0,A1,6º ano
aluno909,eyturma5,0,0,0,0,0,0,00:00:00,0,0.0,0,0,A1,6º ano
aluno910,eyturma5,0,0,0,0,0,0,00:00:00,0,0.0,0,0,A1,6º ano
aluno911,eyturma6,0,0,0,0,0,0,00:00:00,0,0.0,0,0,A1,6º ano
aluno912,fre17at,0,0,0,0,0,0,00:00:00,0,0.0,0,0,A1,6º ano
aluno913,_default,0,0,0,0,0,0,00:00:00,0,0.0,0,0,A1,6º ano
aluno914,eytrial6,0,0,0,0,0,0,00:00:00,0,0.0,0,0,A1,6º ano
aluno915,eytrial6,0,0,0,0,0,0,00:00:00,0,0.0,0,0,A1,6º ano
aluno916,eyturma5,0,0,0,0,0,0,00:00:00,0,0.0,0,0,A1,6º ano
aluno917,eyturma6,0,0,0,0,0,0,00:00:00,0,0.0,0,0,A1,6º ano
aluno918,eyturma5,0,0,0,0,0,0,00:00:00,0,0.0,0,0,A1,6º ano
aluno919,eyturma5,0,0,0,0,0,0,00:00:00,0,0.0,0,0,A1,6º ano
aluno920,eytrial6,0,0,0,0,0,0,00:00:00,0,0.0,0,0,A1,6º ano
aluno921,eyk3i,0,0,0,0,0,0,00:00:00,0,0.0,0,0,A2,8º ano
aluno922,eyturma6,0,0,0,0,0,0,00:00:00,0,0.0,0,0,A1,6º ano
aluno923,eytrial6,0,0,0,0,0,0,00:00:00,0,0.0,0,0,A1,6º ano
aluno924,eyturma5,0,0,0,0,0,0,00:00:00,0,0.0,0,0,A1,6º ano
aluno925,eyturma5,0,0,0,0,0,0,00:00:00,0,0.0,0,0,A1,6º ano
aluno926,bar17bm,0,0,0,0,0,0,00:00:00,0,0.0,0,0,A1,6º ano
aluno927,anch9a,0,0,0,0,0,0,00:00:00,0,0.0,0,0,A1,6º ano
aluno928,eytrial6,0,0,0,0,0,0,00:00:00,0,0.0,0,0,A1,6º ano
aluno929,eytrial6,0,0,0,0,0,0,00:00:00,0,0.0,0,0,A1,6º ano
aluno930,eyturma5,0,0,0,0,0,0,00:00:00,0,0.0,0,0,A1,6º ano
aluno931,eytrial6,0,0,0,0,0,0,00:00:00,0,0.0,0,0,A1,6º ano
aluno932,eytrial6,0,0,0,0,0,0,00:00:00,0,0.0,0,0,A1,6º ano
aluno933,genesis3,0,0,0,0,0,0,00:00:00,0,0.0,0,0,A1,6º ano
aluno934,etchat1,0,0,0,0,0,0,00:00:00,0,0.0,0,0,A1,6º ano
aluno935,eytrial6,0,0,0,0,0,0,00:00:00,0,0.0,0,0,A1,6º ano
aluno936,cfcm712,0,0,0,0,0,0,00:00:00,0,0.0,0,0,A1,6º ano
aluno937,_default,0,0,0,0,0,0,00:00:00,0,0.0,0,0,A1,6º ano
aluno938,eyturma6,0,0,0,0,0,0,00:00:00,0,0.0,0,0,A1,6º ano
aluno939,_default,0,0,0,0,0,0,00:00:00,0,0.0,0,0,A1,6º ano
aluno940,_default,0,0,0,0,0,0,00:00:00,0,0.0,0,0,A1,6º ano
aluno941,eytrial6,0,0,0,0,0,0,00:00:00,0,0.0,0,0,A1,6º ano
aluno942,eytrial6,0,0,0,0,0,0,00:00:00,0,0.0,0,0,A1,6º ano
aluno943,eyturma5,0,0,0,0,0,0,00:00:00,0,0.0,0,0,A1,6º ano
aluno944,eytrial123,0,0,0,0,0,0,00:00:00,0,0.0,0,0,A1,6º ano
aluno945,eytrial6,0,0,0,0,0,0,00:00:00,0,0.0,0,0,A1,6º ano
aluno946,_default,0,0,0,0,0,0,00:00:00,0,0.0,0,0,A1,6º ano
aluno947,_default,0,0,0,0,0,0,00:00:00,0,0.0,0,0,A1,6º ano
aluno948,cfcm3em,0,0,0,0,0,0,00:00:00,0,0.0,0,0,A1,6º ano
aluno949,eytrial6,0,0,0,0,0,0,00:00:00,0,0.0,0,0,A1,6º ano
aluno950,delphos92,0,0,0,0,0,0,00:00:00,0,0.0,0,0,A1,6º ano
aluno951,eyturma5,0,0,0,0,0,0,00:00:00,0,0.0,0,0,A1,6º ano
aluno952,eytrial6,0,0,0,0,0,0,00:00:00,0,0.0,0,0,A1,6º ano
aluno953,gen02,0,0,0,0,0,0,00:00:00,0,0.0,0,0,A1,6º ano
aluno954,eyturma5,0,0,0,0,0,0,00:00:00,0,0.0,0,0,A1,6º ano
aluno955,eyturma4,0,0,0,0,0,0,00:00:00,0,0.0,0,0,A1,6º ano
aluno956,eytrial6,0,0,0,0,0,0,00:00:00,0,0.0,0,0,A1,6º ano
aluno957,eytrial6,0,0,0,0,0,0,00:00:00,0,0.0,0,0,A1,6º ano
aluno958,eytrial6,0,0,0,0,0,0,00:00:00,0,0.0,0,0,A1,6º ano
aluno959,eyturma5,0,0,0,0,0,0,00:00:00,0,0.0,0,0,A1,6º ano
aluno960,ya2019,0,0,0,0,0,0,00:00:00,0,0.0,0,0,A1,6º ano
aluno961,eytrial6,0,0,0,0,0,0,00:00:00,0,0.0,0,0,A1,6º ano
aluno962,eytrial6,0,0,0,0,0,0,00:00:00,0,0.0,0,0,A1,6º ano
aluno963,eytrial6,0,0,0,0,0,0,00:00:00,0,0.0,0,0,A1,6º ano
aluno964,eyturma6,0,0,0,0,0,0,00:00:00,0,0.0,0,0,A1,6º ano
aluno965,eyturma6,0,0,0,0,0,0,00:00:00,0,0.0,0,0,A1,6º ano
aluno966,eytrial6,0,0,0,0,0,0,00:00:00,0,0.0,0,0,A1,6º ano
aluno967,eytrial6,0,0,0,0,0,0,00:00:00,0,0.0,0,0,A1,6º ano
aluno968,_default,0,0,0,0,0,0,00:00:00,0,0.0,0,0,A1,6º ano
aluno969,cfcm88,0,0,0,0,0,0,00:00:00,0,0.0,0,0,A1,6º ano
aluno970,eytrial6,0,0,0,0,0,0,00:00:00,0,0.0,0,0,A1,6º ano
aluno971,eytrial6,0,0,0,0,0,0,00:00:00,0,0.0,0,0,A1,6º ano
aluno972,eytrial6,0,0,0,0,0,0,00:00:00,0,0.0,0,0,A1,6º ano
aluno973,eytrial6,0,0,0,0,0,0,00:00:00,0,0.0,0,0,A1,6º ano
aluno974,eyturma4,0,0,0,0,0,0,00:00:00,0,0.0,0,0,A1,6º ano
aluno975,bar17bm,0,0,0,0,0,0,00:00:00,0,0.0,0,0,A1,6º ano
aluno976,eyturma6,0,0,0,0,0,0,00:00:00,0,0.0,0,0,A1,6º ano
aluno977,tij16am,0,0,0,0,0,0,00:00:00,0,0.0,0,0,A1,6º ano
aluno978,_default,0,0,0,0,0,0,00:00:00,0,0.0,0,0,A1,6º ano
aluno979,_default,0,0,0,0,0,0,00:00:00,0,0.0,0,0,A1,6º ano
aluno980,eyturma6,0,0,0,0,0,0,00:00:00,0,0.0,0,0,A1,6º ano
aluno981,cfcm71,0,0,0,0,0,0,00:00:00,0,0.0,0,0,A1,6º ano
aluno982,eyturma6,0,0,0,0,0,0,00:00:00,0,0.0,0,0,A1,6º ano
aluno983,eytrial6,0,0,0,0,0,0,00:00:00,0,0.0,0,0,A1,6º ano
aluno984,eytrial6,0,0,0,0,0,0,00:00:00,0,0.0,0,0,A1,6º ano
aluno985,_default,0,0,0,0,0,0,00:00:00,0,0.0,0,0,A1,6º ano
aluno986,eyturma5,0,0,0,0,0,0,00:00:00,0,0.0,0,0,A1,6º ano
aluno987,eytrial6,0,0,0,0,0,0,00:00:00,0,0.0,0,0,A1,6º ano
aluno988,eytrial6,0,0,0,0,0,0,00:00:00,0,0.0,0,0,A1,6º ano
aluno989,cfcm67,0,0,0,0,0,0,00:00:00,0,0.0,0,0,A1,6º ano
aluno990,_ny-b2c_default,0,0,0,0,0,0,00:00:00,0,0.0,0,0,A1,6º ano
aluno991,_ny-b2c_default,0,0,0,0,0,0,00:00:00,0,0.0,0,0,A1,6º ano
aluno992,_ny-b2c_default,0,0,0,0,0,0,00:00:00,0,0.0,0,0,A1,6º ano
aluno993,eytrial6,0,0,0,0,0,0,00:00:00,0,0.0,0,0,A1,6º ano
aluno994,eytrial6,0,0,0,0,0,0,00:00:00,0,0.0,0,0,A1,6º ano
aluno995,eyturma2,0,0,0,0,0,0,00:00:00,0,0.0,0,0,A1,6º ano
aluno996,eytrial6,0,0,0,0,0,0,00:00:00,0,0.0,0,0,A1,6º ano
aluno997,eyturma6,0,0,0,0,0,0,00:00:00,0,0.0,0,0,A1,6º ano
aluno998,eytrial6,0,0,0,0,0,0,00:00:00,0,0.0,0,0,A1,6º ano
aluno999,tij19am,0,0,0,0,0,0,00:00:00,0,0.0,0,0,A1,6º ano
aluno1000,tij19am,0,0,0,0,0,0,00:00:00,0,0.0,0,0,A1,6º ano
